c0,c1,c2,c3,c4,c5,c6,c7,label
-0.35922911527821944,-0.27874112930605305,0.24294696034166005,0.6029147720624403,-0.1605906526807955,-0.026845851877626194,-0.07139125529153098,-0.14919058862463633,1.0
-0.3168246549804615,0.3684290730065761,-0.39717788186446373,-0.7514547862582454,0.5173507843379195,0.05804937918992124,-1.3994129768111825,0.44743873571281084,0.0
-0.6182127020136965,-0.23436283641735145,0.6497642567864114,-0.3873601966098574,-0.30226545440242975,-0.615641111238269,0.33116978311005957,-0.5095320367290914,0.0
0.1831103413884782,-0.8861018728046202,-0.40986359121918514,-0.9793579711185463,1.4846011553421143,0.8977557671796278,-0.23226831974102033,0.0943998106297848,0.0
0.6312873679042633,-0.08354586278492815,0.6142651299536278,-0.1141575178099326,1.0158316326357797,0.685714904575517,-0.3807355023072893,0.7783031756841666,0.0
-0.26262989099681194,-0.5341923205855678,0.3353220955007317,-0.2311470356677115,1.0403019030322342,1.1119989242680581,0.1776393176583103,0.08493776976307492,0.0
0.8173343379847435,0.21745218983564846,-0.03963468650216996,-0.9179403579244728,-0.0014304920300628587,0.1379151252895662,-0.456738502329436,-0.20594982486131902,0.0
0.4150290597849957,0.04827009471228457,0.5254050261882698,-0.05423085495934236,0.3503714457258094,0.02522289691285216,-0.49095667909024143,-0.29605732024095144,1.0
0.5515166003588445,-1.0043525263550626,0.4953093894048439,-0.04201641948930286,-0.19137366604282788,-0.3994695163636886,-1.4029266248410792,-0.056690957507123725,0.0
-0.39070739150021805,0.7349855910805108,0.9273964196048641,-0.2587817615696844,0.4703028760537945,1.0875606834264575,0.08181770301283388,-0.7459945503908086,0.0
-0.3675668787140775,0.5646584745880531,0.13464438870680592,-0.24889654436284053,-0.06152516363517878,-0.8454077186842899,0.7122913673255032,1.0849913911062121,0.0
0.7913426608313942,-0.10921128121136718,-0.6124949573123408,1.0404050517251067,-0.3055403083217471,-0.6269779812694029,-0.2432385045838999,-0.39934317181956164,0.0
0.6529523776006251,-0.3375496451429131,-0.7631883596300392,0.0032849386716412147,0.18704689474882727,0.2768910372855572,0.5192303467399918,-0.5838295090573529,0.0
0.36671253473691895,1.3830958846267625,-0.4777543855635851,-0.8328432947720209,-0.37964943237494286,-0.07199817674465542,0.23201805396550523,0.4672800893179794,0.0
0.13079167950426857,-0.34790694998167127,0.016471170200228213,-0.08243709582846925,-0.029565832411281107,0.04605340318026036,0.1317251955204926,-0.285344804259657,1.0
0.8015282733730523,-0.7799095778175,0.04725947459286039,-1.1816772132240965,0.02242873812557187,-0.25774091435472096,0.08906438767404347,0.5154103265138933,0.0
-0.46647355395863227,0.05664745606797492,-0.36424565216055355,0.6366481798838348,0.714614101911528,0.54561697906486,0.9855245457819136,0.907935744615851,0.0
0.3582456558960614,-0.42391342093446377,0.12968169718154404,0.5533085218274523,-0.19586182779744088,1.0454098201866606,0.34539415600238316,-0.666481933590566,0.0
-0.8813875731298426,-0.28279459177393956,0.1649974607922542,0.7893596093639097,0.5516083721327891,-0.6653096046894692,-0.4639882131703211,0.5905800136752194,0.0
-0.8161939413209522,-0.8965097581899698,0.1260289262458176,0.24633007141418148,-0.17636146385839327,-0.6787341091736153,0.8588959563662896,1.2289427722858377,0.0
0.22728861534938624,0.061423004561671164,-0.028786798338696875,-0.05797125284833275,0.30895820661827417,0.2076933754734975,0.5001778536707987,-0.055681641501399856,1.0
-0.2649497349416835,0.4098492168910756,0.04159938209671272,0.9475029446122569,1.4614800660765501,-0.5168640433272249,0.6424969351368134,-0.28124353718656536,0.0
-0.06391009507427281,0.9822968749036403,-0.4398161296002543,0.4223183587136816,0.2533160996049538,-0.6982179940031554,-1.5764469523100355,-0.3489398080367419,0.0
0.30554851073253136,-0.24984105790248942,-0.5768587105700788,-0.4622679949591709,-0.09581033406199338,0.26645693282134036,-0.357777200586079,-0.178937453728687,1.0
-0.4845008164284218,-0.4260871869472817,-0.7161554612141459,0.06483455380429017,1.0377504326919667,-0.6571984906403352,-0.12034807942004852,0.35798396806416566,0.0
-0.03947044976596476,-0.6365104251365724,-1.003569312300001,0.34605425594420386,-0.12131047489168675,-0.38407163159059404,0.0071160248955593145,-0.3051087843970594,0.0
0.9773893293660934,0.13499426420439792,-0.4297699268439592,0.27755217116679254,0.8177495263628433,-0.30790270786295576,-0.17976982208334893,-0.260510693665541,0.0
0.5088429465999423,0.44225409907788005,-0.13531357393210863,0.43433684355125224,0.4332949885287757,0.19682591509036396,-0.975072272013242,0.7539083298292103,0.0
-0.1351371161564046,-0.18794786357701454,-0.03239949753868137,-0.3554035912591616,0.22708521581792526,0.29023162135352293,-0.2669937922475758,0.7225950457809805,1.0
-0.2840189077088128,-0.49290168510145044,-0.375921887278919,0.34002629922623784,-0.7469898059736856,-1.19320779735205,0.12366186788881334,-0.2308906651432656,0.0
0.3915669566294331,0.2456526139978932,0.22462980355546452,0.625329100680436,-0.36586892960941064,0.2377589710465257,0.1677747716060591,0.007898403404324336,1.0
-0.8681756499602836,-0.05129809048172313,-0.25759606721179057,0.5990652023198021,-0.26240110418739465,0.13254131611849437,0.354644499809899,1.047528243705764,0.0
0.6285475982488162,0.21924566690400749,0.2444991747644654,-0.812153702524099,-0.6362661183486554,0.5579771578547538,-1.324043491212776,0.12853764679491234,0.0
0.13297868371048896,0.39237194860359126,-1.216110793687745,0.1386121733132778,-0.8829190052331367,0.30252728549790875,0.5620963247478199,0.06379339556198066,0.0
0.3494542250574843,-0.16831465134347817,0.047266366966897275,0.38151554419489825,0.46863662444958953,-0.5252213764683719,-0.621229976254901,0.8872905710879335,0.0
0.5336544843525913,0.2151938223722703,-0.1663188228794814,-0.14543532340461973,-0.3792189651612893,-0.5351975689823326,0.024319980465458524,-0.2650225666483541,1.0
0.6699063702333496,-0.4731676296779901,-0.06573685992650885,-0.7309061042544157,-0.3583596933620722,-0.847870864293564,-0.43988978498386594,-0.4784763184213025,0.0
-0.7620983272023718,-0.46065962549060907,0.09634147168802533,-0.5026585359437763,0.9649529040468504,-0.28373855439488865,-1.0415206566401893,-0.2870431422959777,0.0
-0.8923272272246665,0.2174176501390705,0.7668948355533229,0.5931715384359767,0.367123763409304,0.18724095355360246,0.35082346167199685,-0.4168387757931,0.0
0.23404996143354165,-0.30265678766612264,0.384756475435101,0.18994692860627455,-1.5311596350058576,-0.10014422437196126,-0.40564817027712685,-0.9168921180812025,0.0
-0.3026094711527652,0.7200866506552578,-0.3074487979164621,-0.25190845690495034,0.00018000791295010317,-0.4049228814866052,1.5935155913318908,0.6412247678889474,0.0
0.4192332114643997,0.3707506394591744,0.2678667295457799,1.36909251667818,0.29243833154665616,-0.7509675625112304,0.4164857704094991,0.5114049420930254,0.0
-0.35748544291755346,0.25227553783223905,0.13294988225083113,-0.1443036953048375,-0.38436237719294375,-0.3441511117602819,-0.0881258526255993,0.1120951822341042,1.0
1.4418256830932004,-0.04850621632475455,-0.23222479159697246,0.7890069041073738,0.19756856514325924,-0.00591348976763615,0.3758105229844181,0.08454034370075968,0.0
-0.21213257636955576,0.4879843792977693,-0.7463399167757124,0.1493123947080011,0.14777868750305392,-0.8187291704625734,0.7884307126777915,-0.08686193622095659,0.0
0.4352521924206439,0.09094979465520188,-0.2334116291029309,0.10001989908614635,-0.3230482527798049,0.6713684567624656,-0.19995735806947237,-0.3585940709227034,1.0
-0.44161399345320473,-0.44933773764302104,0.033115366720057826,0.21334793278336725,0.6376450713919896,0.1555846495155438,-1.3477673043845961,-0.3378862515228901,0.0
-0.9837558617587836,1.2645284916439588,0.1970198717709464,0.31297929101757405,0.10369297847875387,-0.9070568017555799,-0.5662166585116299,-0.7530493916605439,0.0
-0.37445756600397256,-0.41898348836775545,-0.5954454968320922,0.7266520939539985,1.0308375883512109,-0.5742944392912867,0.036923938079702616,0.6802269063244988,0.0
0.6906348759031044,-1.1028982691513787,-0.1390358310710762,0.059751536469061214,-0.8699783919804942,-0.04886691376803218,-0.0259642581087855,0.6981195969944677,0.0
-0.6004000503613177,-0.6910767717937142,-0.13683892835072545,-0.6078880125377435,-0.767930907567831,-0.1636525356206307,0.30152282032540767,-1.5234819039760872,0.0
-0.8101030126181258,-0.241137592334595,0.1627145087019464,0.08905826243444634,-0.7910525687129935,-0.6439282081153818,-0.9032746835089154,0.03835037409305864,0.0
-0.21747919150394196,-0.2550550893007767,-0.07281902228097262,-0.13761392024402738,-0.30829480716866864,-0.14291306814289118,0.2008888143213061,0.07565737742230906,1.0
0.41800371401368125,-0.2541309291941998,1.153444239777978,-0.010818907353015696,0.5581158146309415,-0.5732929224110294,-0.5681902307295761,-0.2818366599511843,0.0
0.4363439815373097,-0.5032426284270952,0.238343241656351,-1.2685651358814674,0.8554607432935399,0.14905481346312022,0.1784570998001322,0.4691720587220052,0.0
0.3500893713586069,-0.30872542979426676,-0.4876147709415556,-0.8362110919481591,0.5261865725213069,0.001073625726145315,-0.5283599912789019,-0.7648615606607082,0.0
-0.6309514277473737,0.18918946270246703,0.038431262446301045,-0.14621324015347495,-0.049238125016343996,-0.018505107298281857,0.5431458244501828,0.008097708094758871,1.0
0.14897556062226086,0.768269632631302,0.0343937684150735,0.19610361592729186,0.4696132358488624,0.46657457897375654,-0.4154569180794871,0.6639644600796297,0.0
0.061142060336471696,-0.6464049853041778,0.6137785818028159,0.006522921658933318,0.336164826319254,0.23192836232038622,-0.473979394338155,0.8776169805882756,0.0
-0.3949866384887602,-1.1942876756673857,-0.04067380722517422,-1.4844594501615405,-0.16894362533455315,-0.11719728776143769,-0.5109136946839931,0.2231654122041971,0.0
-0.18181859276209064,-0.005293727772468301,0.5109116782594237,0.6823790075394186,-0.21407030029654578,1.0477671199685734,-0.7528991213137481,0.7254347582252356,0.0
-0.34497171101136814,0.1808725023355484,1.2919957269683435,0.19735680676640677,0.33432409517414774,0.9328351561739772,0.5610015602343562,-0.2254296761458961,0.0
0.1137040573355338,0.6777360790129615,-0.7872742146555033,0.684956104006992,0.6337200820303608,0.0159602596249168,0.508166921614677,0.19701449083319245,0.0
-0.7489009349287524,-0.14056169886704886,-0.6100702123558376,0.3543323090929625,0.6381757960771293,0.7696326352180078,1.2253521459218024,0.10310773388244057,0.0
-0.4624568949933086,-0.331441749487024,-0.06473801836433977,1.2069330386332295,1.0114250496891373,-0.3600047181139038,-0.04589553603611612,0.632277191406251,0.0
0.14709047044502477,-0.2191205232505442,-0.6696282051057744,1.0825463351594284,-0.17123204602842879,-0.7881063908454029,0.5777381483376118,0.7496981429081211,0.0
0.08865808516731884,-0.49414272125055114,-0.5815556182839303,1.0587780712598769,0.13370567338722925,-0.23635317245911602,0.24806268070374632,-0.11293448712288236,0.0
0.25486073246449675,0.16487300535595112,-0.10068645202973467,-0.09779286065509044,-0.3820090742841272,-0.09293937973666647,0.270895919730094,0.4730537333622104,1.0
-0.2275125765968342,0.9606393355432866,-0.22204417694446,-0.7681472441437736,-0.08840106789178506,0.34344421126268704,-0.27383493035493556,-1.2213589445945345,0.0
-0.7901946466354705,-0.5238978344410934,-0.09755555462339305,0.3564745696193195,-0.4376999343768898,0.11285205196835593,-0.32327005998502617,0.8823446646674975,0.0
-0.8951222936121721,0.14924285234132909,-0.35064197659688284,0.008876967880201701,-0.3099272182223338,0.3622016110855053,1.0223157116465502,0.39966694759254057,0.0
0.5998457523923563,0.39786657117230984,0.36499207318508115,0.21472949075649142,0.49080181942600626,-0.5777605769178961,0.3078507746480867,-0.5824205662279317,0.0
0.07257176989843062,-0.8697870531774899,0.5326173268076795,0.7894450844281037,0.1162719378246611,-0.7285384831681353,-0.39470662146636243,0.24706929162151586,0.0
0.8865396768190305,-0.4360663237204515,0.4196488598401931,0.6139546856533078,0.22385902455006443,0.2463166704785118,-0.5276691279094428,0.2596438430080489,0.0
-0.7064953632098255,-0.9970332176890578,0.0032203665653481183,0.9633129812524039,-0.3204110562219144,0.7815901150988276,-0.18789606851705112,1.0760748662486719,0.0
0.21888592353669198,-1.0832494533602903,0.9475387000443705,-0.3878030142819889,0.7425983771533036,0.4545641390920074,-0.4348882778654989,-0.45994696277717073,0.0
0.04803534671698448,-0.49763878810909357,-0.6063949207534602,0.8277835047143642,0.5634237879551839,-0.008356621023736811,-0.41644349442793344,-0.10107763191044035,0.0
-0.783161311177937,-0.37485166822574084,0.41819742650946545,0.06369565826448292,0.2258931211802739,0.6850599609856441,0.8171762069371089,-0.34102212715895797,0.0
0.6236507653621141,-0.2927331038697538,0.05960407727845241,0.5903060693298594,-0.8413022722378468,0.44268722916952746,0.15416638108061265,1.011620326604572,0.0
0.7192543655530795,0.19507208391265943,0.3421768081592791,0.10509778933497285,0.6337606986331864,0.24122943155163748,-1.2173781018482162,-0.2708192915910126,0.0
-0.09041462429135051,-0.360568876470292,0.07134031835297827,0.587527686981623,-0.1350825028132327,0.6556897850481063,0.7160084238295121,0.723330788242284,0.0
0.18392231813674856,-0.4632888547888764,-0.4961565632103258,-0.24129113615459097,0.41409070016965804,0.3047259183377992,0.3294577024582326,-0.031998593871071256,1.0
-0.2300702932374958,-0.5049911242085487,-0.8960387910152255,-0.43561473338074885,-0.13367488407035158,-0.6490290172982073,-0.5938119890596052,0.07751125285246505,0.0
-0.07371838554787676,0.6630770216098785,0.60494747078183,1.212443013083725,0.3030822239415487,-0.181466810022142,0.2814210111983705,-0.7693310046750157,0.0
0.059984484608139425,0.3891567292886552,1.2728366833711462,-0.08165581328543206,-0.5063940643575825,-0.5341235073212441,-0.7730157198170058,-0.023375286440338705,0.0
0.4726894692369713,0.3135603124332556,-0.2162870162120677,-0.9685141007290512,-0.3544194410618519,-0.8161653069563759,-0.14123198937442602,0.5963599999545741,0.0
0.17679634313925957,0.31994524239100747,0.5284362060616347,0.06740306269262497,-0.025995197921625714,-0.7107332265057181,0.8736515095930424,-0.4876258215697061,0.0
0.5876459785803159,-0.5626202402169723,-1.4512426537942842,0.05228472116998216,0.290002539213951,0.34159359245327225,0.5021248410470641,0.9856997263215321,0.0
0.8320474830953047,0.16076683481297657,-0.8501474138738093,-0.7302526567989234,0.34226994469874805,-0.49684489901368595,-0.46063206410143714,-1.0739595199814334,0.0
-0.6589235675657373,-0.15964842633420984,0.5811103360232728,0.17060374749720356,-0.954455355675927,-0.9043805983688462,-0.12833847580728017,-0.4653091235941675,0.0
0.7625484562532043,1.1905276880659257,-0.031099696953277352,-0.25905133157451,-0.21532312638907827,-0.1338104884785121,-0.02059467513594006,0.07705897751163347,0.0
1.1192487831463713,0.3376377605813845,0.005339050248727188,0.4645496307717502,0.246744507528666,0.20760245709310662,-0.2790365616155532,-0.19416934485898496,0.0
-0.8039330623004783,-0.32184172967813185,0.6326665026434019,-0.27551111784218796,-1.0301129940435407,0.6545728634742131,0.8169849278446982,0.05987276006748946,0.0
0.19915542777792677,-0.010142890560894109,0.007862811774100812,1.1694397681805464,0.5729118603151244,-0.8771151094825774,0.03640528268453426,0.3979147119749365,0.0
0.1506717201144368,0.7699568787646425,0.3043222436137614,0.06903685517704022,0.1625908363561672,-0.382211287829034,1.3823914565272521,0.035494407396411756,0.0
0.5829979666746156,0.3264825435901143,-0.05595392725524433,0.6897561353755935,0.4031519910360628,0.5449044478940938,0.603389390168602,0.272821244267628,0.0
0.3029743136198417,0.33063880688084424,0.6090787271548898,0.48203512476411037,-0.09230984361798503,-0.06950781666322539,0.5740350941548731,0.7774976170552405,0.0
0.7094116225392335,-0.569308331520246,0.7852398995886513,0.7312810537795991,0.3769967618634262,0.9946524086318099,-0.254609485247902,-1.1536762866238266,0.0
0.49981930912995726,-1.2621136202954857,0.5531844991717915,-1.4296619445460375,-0.04334218149436061,0.5781448745670439,0.2501015278414919,-0.683216295565145,0.0
0.05015866218678805,0.027391828757898404,0.902826377151026,-0.1406867932619771,0.030124099912476048,-0.14104760286581344,-1.0594610203464074,1.2281309796168496,0.0
0.5714051823635075,-1.024537253335148,-0.3304977190726842,-0.5103297412843132,1.4698415811412828,-0.4129678257303599,-0.5110507521806623,-0.4171920118871177,0.0
0.021351308261793035,0.8953926156636457,0.562657580450215,-0.34094213908163784,0.8772390009402529,0.8093489697853776,0.6622983894490201,0.0420372565974852,0.0
0.03521552497262822,-0.19329103692645538,-0.029512937290729648,0.40029130753001174,0.18976935392087096,0.5034350071393258,0.0070091001790677,0.19147808072792113,1.0
0.14227407604380277,-0.7494630134074346,0.2848258256704035,-0.44356141195740967,-0.21410095038232194,-0.41579456547864396,0.45111600283045794,-0.9661019754173227,0.0
-0.30246331259754505,0.19520912265146204,-0.9395577475943634,1.0720099441393907,0.08174500292539866,-0.9367925022570126,1.2435899978071965,-0.36821139734488095,0.0
0.19728474667153403,0.04111818158808239,-0.3044491848664633,1.1726847751770872,0.6892328236911827,-0.7637516443763831,0.916822106884874,0.47530932548875426,0.0
-0.418334817723832,-0.1260624686000061,0.11624614719805758,-1.2791888211841278,-0.29420291945107613,-0.33465185993907304,-0.37146963331656774,0.6198459198162449,0.0
-1.7548960869637746,0.1395119273832147,-0.031582394709011426,-0.21439132715121853,1.0459427768140843,-0.12530416315733467,-0.8943855102259989,-0.47593553771575353,0.0
-0.3947300134993986,0.4819681109163607,-0.4104608978127075,0.6892632708134464,-0.4350287622398451,0.7202851431552432,0.6410195643536939,0.45824333917404936,0.0
0.08513200154876381,-0.180777396269968,-1.1221311176708664,0.23301997265341334,0.48122076441850536,0.6073471720968303,-0.5284326301928156,1.2193019952232051,0.0
-0.2473236102923634,0.12695162113769104,-0.4195314732176848,0.38517625109314824,-0.3057574921296646,0.9573608503006258,-0.4405590246909108,1.0538530375904944,0.0
0.39005516913392485,-0.6660511042348386,-0.06694301259110699,0.6558783565679704,-0.4018625560768492,0.5748375223197921,-0.7667004331271094,-0.31204212795972347,0.0
-0.12743737717461723,0.8784147838274639,-0.20867155345120436,0.6188258750562858,-0.6105475213650456,0.9709876087169347,0.9059277337318564,0.6026942445873256,0.0
-0.059218305806928107,0.39218138227591076,-0.39386843768621993,-0.6906559164979537,0.1092158168124524,-1.1241579936851622,0.2830785563298337,-0.27459874748505186,0.0
-0.315951995973881,0.3621079423196486,-0.9539202088080451,-0.11314167050566717,-0.7796897827932449,0.29347001862534056,0.5488382184836459,-0.7919831819897294,0.0
-0.10884328280346549,-0.3875530812562208,0.28640338166915724,-0.09547027573425612,0.05828519771995645,0.4594263707581569,0.6453040957170219,0.20220389979979195,1.0
1.2052596721677398,-0.007428958729056735,0.0735519309121847,-0.3504057042261767,0.6056230146333726,-0.27651402801081093,0.6036877977127443,-0.5664311869629154,0.0
1.2142174971208592,-0.19713441938764342,-1.0801082363333527,1.2212115399948444,-0.050068746236276634,-0.7968501416147359,-0.6423952840375365,-0.11054083432226426,0.0
0.09877184381187659,-1.194619345788064,0.4260316892536614,-0.4010005724403944,-0.056342162015701934,-1.1751346024355853,0.5735868902736304,-0.42041221259061184,0.0
-0.39484553360904906,-0.6135281416233184,-0.6654117762490371,-0.24462439769543462,-1.836774144018112,-0.3256591348807892,-0.6595235848414271,0.22758125260966716,0.0
1.229646340960101,-0.6759230573362669,-0.6757328494983464,-0.5259679005342246,0.45292463205352257,0.4325394333232686,-0.2804367351459503,0.6722491852188324,0.0
0.2654587080583107,-0.4684079552957725,0.5936616726332423,0.34217656734866725,1.0623761116158088,1.1823977811198145,0.5098838774424955,-0.3083272023880971,0.0
-0.10773922263217668,-0.48518745688658543,-0.5333706189562574,-0.5382329590527818,-0.07371225061815896,-0.4621712343375032,-0.0735974254297355,-0.8433719290426547,0.0
0.7354169019926571,0.6615494530610143,-1.0694405742113224,0.0807225200689711,0.7288345054783181,0.009049627382130861,0.7406463280899359,0.1313588867762896,0.0
-0.648274492250684,0.7014544757011734,0.7657695218927616,1.0079384309321056,0.39137911572874784,-0.396365232709312,-0.1216271334639789,0.13075583426066784,0.0
-0.8575035642707245,0.23832416243693516,-0.8269052052931218,-0.691915418355762,0.528777890974586,1.0592938266435161,-0.6357750074332416,0.2069997316817019,0.0
-0.6884671499000403,0.16359366349635554,-0.5305084195832027,0.7224638338423834,-0.906906838715843,-0.4342977545655225,-0.30488525718564896,-0.2540585698112764,0.0
0.6355687247865481,0.12401979502766654,0.32976888076222155,0.3084553871349901,-0.2017644064690131,1.3417147798142217,0.045250272510717726,0.05850325641745285,0.0
-0.4619936269006418,0.2396335820170358,-0.6736255212602528,0.48023686970973767,0.7515055239192977,0.3108983405545655,0.5060206707832522,0.3652519916436288,0.0
-0.20406825073933718,-0.37289860880400477,0.9330130755688428,-0.0892033763977354,0.6606895579520348,0.319601825613389,0.6819327877607425,-0.5559067398588706,0.0
0.1684734920084936,0.509853632310712,0.36158208324100377,-0.7974898782912202,0.21217059104864874,0.8252868238618097,0.39895487572879484,0.06744518651675836,0.0
1.1420240547219194,0.20598183015569857,0.5329386949601067,0.8320727463862284,0.6208959566034338,0.5928758955269925,0.5338208653061461,-0.3810536269662574,0.0
-0.2710554205946156,-0.5137412766770982,0.5060388814136403,0.1790837388006524,0.6466120381398429,-0.5288621804702617,-0.7736289582961503,0.5593369363202259,0.0
-1.406844218784808,0.021505225026404378,0.8619421413892494,-0.6578517496245047,-0.11295275045416418,-0.9041130058778234,0.787816779866545,-0.14887993724572696,0.0
0.4797324873329188,0.4840971597739874,-0.28713274245907183,-0.276767368396426,-0.3127615066753166,0.8835809371343838,0.9626581937959352,0.5570736522130842,0.0
0.06386920234142505,-0.10757944203241383,-0.9764762855882556,0.25515898317963803,0.36220925884999533,-1.3938994627128158,-0.22338249638629998,-0.36235980858913047,0.0
-0.17914632380749637,0.6690959988526287,0.4715225180988167,0.7165279331321557,0.06075140430829514,-0.35897569283674297,0.7795498636582427,0.4832668129875886,0.0
-0.4994353049544959,-0.9388923029451809,0.8208973653306838,0.5671852118381144,0.9206508047169277,-0.3264324340769947,0.14617088140300166,-0.6667793787771299,0.0
-0.16438671053394996,-0.402398001898633,-1.2521769155832132,0.2415391635234195,0.014073405343998788,-1.4094286591236815,-0.652603220513959,0.345628208582143,0.0
0.44527483268275514,0.06075217717746075,1.115544202060897,-0.6899732941707845,-0.09931271349823585,0.1668173367057342,0.12473460601521118,0.7973739848931507,0.0
-0.5877937103180362,0.08550568595225852,-0.2978219796564259,-0.06415561714368785,0.17683402360953093,0.24686764481443024,0.3844775289685874,-0.04810138111006777,1.0
-1.1554128472410448,0.7076820361161308,-1.1855879670515792,0.8981740981011389,0.07613130077628438,0.09247905699561322,0.3637504626990162,0.6428511531082569,0.0
-0.6134850490150968,0.6760216755292618,-0.5080684584033573,-0.4296058005234397,0.25681049819035195,0.17980346224859223,-0.7647829029860872,0.2123267253645552,0.0
-0.4377753831161445,-0.9459179386283385,-0.034913680906169524,0.3263843855627411,-1.06087238212858,0.4067671404677683,0.575437688141317,0.03938785397897263,0.0
-0.7920260190840596,0.8210585968933096,0.4321509821692875,0.16329396744932978,0.41479388864454136,0.9027211314432013,0.1691880302733082,0.4770315422707881,0.0
-0.3525783468615578,0.0731445302089414,-0.33990797505969617,1.6315278067728647,-0.1620434098511286,1.3417261140083359,-0.7098160789698275,-0.17975284951095932,0.0
0.0669551976968305,-1.1416162804430565,0.21867696357929758,-0.47499989446290297,-0.6495419951556571,-0.3645225200010742,-0.37970033853039575,-0.6500753835214907,0.0
-0.06494844524101004,0.2732079466331986,0.006052677964708422,-0.3376595227835112,0.1820188542410365,0.04459902220962659,-0.2582769526398577,-0.5345222431792251,1.0
0.530669448444706,-0.0563803285065837,0.723916633207156,0.3588042561646892,1.2302359387179063,0.2475331454021534,-0.3311031522178121,-0.44214166420802553,0.0
1.1080109660559205,0.05096244772654089,1.5048851913971915,0.3108569519358759,0.49285654943659496,0.18052562297601446,-0.2083423091618661,-0.6963982047836715,0.0
-0.1552563341631411,-0.3407107830524674,-0.1667951343486718,0.5834176604880835,0.3629071662302984,0.40540452728135595,0.21352610143499412,0.3764126822940059,1.0
0.47554704034524736,-0.1906487462439903,-0.15950924037057132,0.30331271375937635,-0.4304475442626502,0.9851389319629131,0.7135188919421318,0.16382049227001239,0.0
0.24591663769690394,0.45403287116445423,0.11398045784770457,0.261918515975194,0.7009380236419139,-0.715751745655519,0.6780946358073774,0.8646270199795403,0.0
-0.5225462439545523,1.0498480737796363,-0.07138416914669736,-0.5487392711953063,-0.5617160575174439,0.10339309589830595,0.3574836993806103,-0.25058562116362615,0.0
1.2321581762602125,-0.05692897997739952,0.13285546284818386,-0.3098737986155362,-0.08519244007527624,0.13326425027147332,0.4669735916942272,-0.7143732884531092,0.0
-0.06995125553517155,-0.4841325523308984,-0.3924711958736291,0.17414208818744956,-0.7980796355097484,0.339438300805345,0.8810047914857718,-0.7740096938053113,0.0
-0.3079373821316052,0.19326148855825623,0.630236315486181,-0.4862869034372571,0.19743761422615042,0.12764027477018552,0.13810405948001053,0.17290962207283772,1.0
0.6224103855557863,-0.4121127312741555,-0.8470664091721618,-0.4886078874173298,0.46020008433659065,0.37304981219806843,-0.7911068144891611,-1.2008831907343602,0.0
0.31370683356996126,0.046200116915672995,0.32917454068895624,-0.6773515790700394,0.9857818754251548,-0.6501408545949662,-1.302738627678547,0.7319417168971711,0.0
-1.3778209838003423,-0.10351516837592438,-0.5759089952322622,0.3548612759359048,0.2037314841000265,0.1311472558022326,-0.5625601249412747,-1.1595308121978294,0.0
0.35918181816221817,-0.15482996642425617,0.5319113091634383,-0.07432952135617688,0.355644604343554,0.26177233066165634,-0.4458631331168692,1.1383952005153524,0.0
-0.1100150427330625,0.5546374706608161,-1.1329931187852096,0.3843415096946662,-0.22778357949139902,-0.31878633413454494,-0.42434812579798664,0.22495140244719378,0.0
-0.24028177394836187,-0.4497192684522966,-0.035644979830244276,-0.5698614242139854,1.3554082096328632,-0.05043586657801721,0.7086801816622877,0.07007285999041708,0.0
0.9173560371996313,0.053871108896703386,0.899823067709606,-0.21935743823448942,0.1379751579899945,0.15191626097242628,-0.5956059277403669,0.33027674623574405,0.0
-0.6435032245103003,-0.5359695707265643,-0.5770083260146797,0.10642250273246683,0.11423263128692485,-0.14572253583697586,0.9153290235096794,0.5814162497119103,0.0
-0.2867655978927393,0.38474150839545007,-0.5167576839841408,-0.00874163050433555,0.13130516676511633,0.015705492377529707,0.128073190938917,0.16540183435022263,1.0
0.3383637300323479,1.192937127441223,0.11558179331499302,0.16693842986458582,-0.35754257199747896,-0.3261451983138699,-1.4725897024593066,0.26257739493481863,0.0
-1.058982637421616,1.3220814284020528,-0.3899681139074523,-0.1909791533919298,0.0443993551219322,0.02458880382796805,-0.20178494025573457,0.13251848145761985,0.0
-0.026624465346204586,1.3661819687611712,0.6019131783128312,-0.4560346737874668,0.7937301533129012,-0.548234795355805,0.09343138746088323,0.37632539784761937,0.0
0.12601844652277547,0.845823744536142,-0.12080410793881705,0.43959574518007405,-0.19424844071576333,-0.719804107694112,-0.15319091438494284,0.9951305086705599,0.0
0.7633283630136061,-0.036341940885581694,0.02474730217265941,0.09862507538207985,1.4514422967564937,0.7813447572904256,1.212086414477458,-0.6797011507527152,0.0
-0.3530593764729176,0.8589852776943231,-1.1394581164162823,-0.07494071475646058,0.741766620150721,-0.32662103508044255,-0.058607882680617875,0.35274828462044877,0.0
0.8202434221580143,0.2056390994519671,1.0749026694484916,0.3770967106134187,0.7577216921780738,-0.10521105043747717,0.24060440268806746,-0.3435188456693199,0.0
-0.8543701781506341,0.21263130455384172,0.695007463301009,0.6302458395253229,0.01502781889858995,0.5769440820437701,0.478140162017725,-0.12657850058454495,0.0
0.11092086631128101,-0.29511102939766093,-0.09534906440061182,-0.5244536866473697,-0.17352898366606767,0.10691002014336352,-1.4446736567926934,0.5129923505741488,0.0
-0.15354461702761046,0.12376902731572784,-0.425362873856515,0.776374969478902,-0.9712707747682706,0.02401565827826179,0.5101112078914617,-0.21253857626568365,0.0
-0.4235993371971162,0.30144823463727016,-0.2886453180901202,0.7915321212437213,0.1793973930800307,-0.5975969611485195,0.8823891866006202,-0.22854158372629144,0.0
0.025949348476078386,0.5767057223840898,1.0961432179084327,-1.008223782070461,-0.0324698397317313,-0.1160279944385651,0.4205070738981587,-0.2162827596337642,0.0
0.18489785126402028,0.11779934676382935,0.23239498194494806,-0.48426798551942846,0.6344381756179649,-0.16531587045943302,0.4032474234734832,-0.15703708174870104,1.0
-0.16689244648423185,0.5708943918158953,0.12823135018062143,-0.36056749436893454,0.6793440802763744,0.027685337301633944,-0.1334429771156353,-0.09116142974159744,1.0
-0.4257960751758236,0.017462664356686128,-0.21051889687353623,1.4230900212364337,-0.9217950274328102,0.8012531669446636,0.12864580766583267,-0.022386741032747896,0.0
0.2720140507923132,-0.8011259797929025,-1.1240895533768576,-0.2508820622077219,0.32589494794997054,-0.7889075041885018,-0.1265724643627152,0.9683336128373278,0.0
0.5747145799677237,-0.008878131460416255,-0.24063969982751918,-0.23703995015589574,0.9395312593057809,0.2705607591031108,0.979496935646851,-1.657219198712489,0.0
0.3371142921042139,-0.4036345031194174,-0.06755497139449594,-0.15888598948550778,0.739589665361791,0.07992618099176514,0.021185071071439097,0.08916560198446111,1.0
-0.40001455048796686,0.8208128672499037,0.2592607022958641,0.11729578527774685,-0.8395550668732168,-0.6060627533060868,0.18914246905788207,0.22350565770686037,0.0
-0.08814910426845247,0.2538530376597635,0.4817618637409949,-0.5155670375667073,0.07574687926715921,0.5025009999760308,0.08031668844798627,0.13434157654417056,1.0
0.7466191158264426,0.38938604456076165,-0.09751381825087821,-0.09948200667939386,0.9302695725999203,-1.2090633296561237,0.8209455237023087,-0.5618702461113128,0.0
0.17555323310589185,0.5756991018318915,-1.1238790095368707,-0.34368165987215166,0.3280240739306922,0.46782928074445107,-0.5073410854824835,0.10878388339258858,0.0
-0.27541428915225,0.3596647098041854,-0.4741717107544206,0.35037987137462034,0.01150325819124218,0.0038435105323406174,0.4363731808532383,1.4824134254072334,0.0
0.7203647405022638,0.7425967319235077,-0.015686215234347045,-0.7144773133552942,1.0395721972290641,-0.9753399170390947,-0.40533184441112746,0.6600085899997483,0.0
0.09285176656422671,0.09587399684225359,0.28514851056270296,0.43095673954087815,-0.09522387428914827,-0.3372738838117534,-0.4145750991509761,0.41012322658312916,1.0
0.31093787184082633,-0.26824694108979436,0.20428024186524038,-0.5723752641752433,-0.8425871805394652,0.6465450316196454,-0.987196319621693,0.8570163724083327,0.0
-0.4674141430598516,-0.8472906070816151,-0.6988494690267921,0.15101737572351087,-0.32176016607890723,0.10361309238935212,-0.7714565319838587,-0.3055621056741925,0.0
0.3854710569060881,0.9583246680379888,0.05429117740412356,-0.6951329550772936,0.3490530368828336,0.09044703826665351,-0.7362613795261855,-0.18176279165669965,0.0
-0.22463963319666336,-1.548949784104895,-0.07328727768600934,-0.4740753268767986,0.36560985158903114,0.369583132769499,-0.15338638603475394,-0.19354285885672107,0.0
-0.48327778586805764,-0.9854128194043444,0.4691690684611695,-0.018431067321570446,-0.5522685539648016,-0.5891058157961405,-0.3760443247516947,-0.3721904853097091,0.0
0.6310928493204478,-0.36485900064951426,0.3403572386910458,-0.39531204511337814,-0.4363453799471397,1.0130942924690003,-0.3456321360062687,-0.3705586391740851,0.0
-0.5021720975177707,-0.7795221956005317,-0.001811433389818621,-0.052704200420129646,0.48753144553278116,-0.6558605563114289,0.4847456540022672,-0.1363809894244951,0.0
-0.8035055149108393,0.06402968958987039,-0.5486296986075854,0.5056124161312342,0.5623953490139274,0.2676456965834107,-0.7462718974806065,0.18948949478453253,0.0
-0.09031025280937993,-0.739126205006305,0.4420325885644724,-0.41226216426571083,-0.5656720720204171,1.0891204190759878,0.5206450678179009,-0.03232086260760214,0.0
0.25824373654130295,-0.5513820482294288,-0.0862804857465015,0.8096622608758467,-0.5294802408274993,0.9409635937970227,0.13172575677601456,0.387857237913289,0.0
0.2759792378849988,1.5356691596176881,0.45753303670619716,-0.462615580975794,-0.06792735050249434,0.15469104558461394,0.1780471133998219,-0.09703454243013392,0.0
0.09161603187321263,-0.34238740410350826,0.05144891158011341,-1.0021687907067258,-0.645273101439625,-0.8351309739904992,-0.046464485751441235,0.5235780946520121,0.0
-0.1429120794275749,0.5710937941290135,-0.7805756760953696,-0.8933296380018723,-0.3641523004335789,-0.45236479302369165,0.4018809545585267,0.3074806258679763,0.0
-0.563168675882341,0.07114262649802315,-0.16674791612882445,-0.5988095933176907,0.6302200212372026,-0.11209671649723962,0.6096672740691472,-1.238581422730336,0.0
0.3153143828408835,0.6764936561414147,0.2601411349583612,-0.29324638236113953,-0.9331218989128072,-0.6194352302999269,-0.7319626306797414,0.37982423853487,0.0
0.22544185555032875,0.02236502075664838,-1.1752951915804846,-0.8264672711263948,0.23945033986432382,0.29769288729250337,0.7363874808139679,-0.5794511984672523,0.0
1.1364622806579137,-0.4429956161163645,-1.0275347287597572,1.0023635864410658,-0.03398071074499262,0.025707629183169736,-0.535571306736514,0.21840092168437675,0.0
-0.2610039935320079,0.6096739786731095,-0.27025395398063673,-0.8225824855314425,-0.2998525654310158,-0.5159645184086701,1.5164264989454468,-0.2553874542619618,0.0
0.384877714695644,-0.03496648014303071,-1.0676043668653408,-0.19263329324424402,0.6842915469265362,0.21359323046295844,-0.27829447277416247,0.3764104918166664,0.0
-0.13059150673388442,0.48285204437541684,0.034631599291594574,-0.17760941043152922,-0.296267843226125,0.1415818370655565,1.7910747295932163,-0.6848551910834022,0.0
-0.0866312372484772,-1.0149863066597942,0.09423614682667084,-1.0444339443343746,-0.4473219752000934,-0.041262343352635684,0.8955809152246577,0.3981556615267026,0.0
1.0316477712243999,-0.8067488377098234,0.826723161667784,0.21448923312569468,0.10247689436516572,0.28533132165594116,-0.13510788062605264,0.1341231205440582,0.0
-0.21016574266028612,-0.6998943832682402,-0.8018192101016812,0.9124084816673239,0.19433172954282651,0.15951282598865815,-0.09411156425268244,-0.4807835765687219,0.0
-0.4240873257859928,0.5013438435679441,0.3138956709987657,-0.08882040986155848,0.7908485969354708,-0.039351359435583814,-0.236814869850867,1.1209041660171186,0.0
0.8305436818194188,-0.5051986417114572,0.21777016138161812,0.3534369963479168,-0.0746083062952349,0.7472750160393083,-0.12146824841440805,-0.7298002064856964,0.0
0.3977710892104303,-0.44664745781750065,-0.40946626527459556,0.13835438706231215,-0.7145752046557968,-1.08725216145557,0.6919793361964921,0.34922008824011147,0.0
-0.09197265726027491,0.42261246362597504,0.6763362684798234,-0.6690941722722158,0.41022908815624354,0.25325326685164745,-0.8815284249431591,0.46275811938026906,0.0
-0.18296393501079528,-0.0880006867451995,-0.8633470325620888,-0.6494812592982997,-1.086949509616373,0.144189321214402,-0.5869830220726396,-0.7605059380609471,0.0
-0.1299017838817635,0.4482410806522917,-0.43859192558871085,-0.1478529201358884,0.021322924952560496,-1.1260683375715683,-0.6196047108136955,-0.5100537845412119,0.0
-0.44925694233655833,-0.1709833845017449,-0.4600226612731017,-0.11461274942044744,0.020020718354667275,0.628238694047136,0.19341055999079515,0.19052855649830155,1.0
0.46271088453085624,-0.8928972562991677,-0.03901727626965471,-1.0796669453364618,-0.797305321751764,-0.5919030217261442,-0.3152860701465237,-1.1832890494133952,0.0
0.5356374475974766,0.5729269374575673,-0.11555837181350939,-0.4820399133537826,0.7648399979474979,0.1606330299728192,-0.32289970485914116,0.4020353015248148,0.0
-0.8042843268179124,-0.17281980491224821,-0.9228622279934238,0.17411934052509578,-0.22357578789591315,0.7132354455361418,0.3744515822580028,0.44148240855896725,0.0
0.33958951203882365,0.9357041278066528,-0.5139799902916549,0.37678332077359517,0.41649259325506266,-0.0764766778476249,0.7040793949297326,-0.5982264410248667,0.0
0.0901613831703574,0.20956419643952715,-0.4450523508602558,0.6045624644924324,0.28814233405396156,-0.19543126513164646,-0.09010092622800084,1.68105958976005,0.0
0.6766320592805207,-0.09178166689422557,-0.7998468784754792,-0.7297197752035668,0.7710015669912627,0.5388181715227572,0.251626315296141,-0.7691568304603432,0.0
1.1886769209822605,-1.1521214009136538,-0.4471944237083906,-0.5925896094082302,-0.009102146514458013,0.2627166301976737,-0.11952637895204608,0.5546577954161162,0.0
0.05697259766584424,0.5224124911134463,0.21528888174158964,0.8631784079316541,-0.20368101847699685,0.19688270989451703,1.0162245423654614,0.3732560756105364,0.0
0.4058448099496899,-0.2748995650489697,-0.20835621756351136,0.525840635484558,-0.3154800268670435,-0.41486433500541164,-0.22105204898618588,-0.15851063999602993,1.0
-0.16709815179902868,0.15980295470176278,0.8229053217390347,-0.3692524151258898,-0.9578770450351165,0.8755628270380871,0.09569924049761734,0.7987028428379992,0.0
-0.1298438387637232,-0.8438314122558744,0.028285465086892624,0.5226737320780936,0.4466439190018085,-0.4304414020772205,0.5398191222095081,0.9699327765202918,0.0
-0.4008618307364872,-0.4484187715094473,-0.40413980012262113,0.6456894799279331,-0.12892051456689435,-1.0821945502848689,0.10690906625517829,-0.049806889204363824,0.0
-1.0712650160664108,-0.47175745235352284,-0.4140473702984637,-0.5477487191895116,-0.30106335404862006,-0.6691470728241012,-0.09186339152272836,0.021269173508958607,0.0
-0.3811086253486799,0.004572996777762666,-0.25341488861938066,0.9300971694273868,0.08370818556052978,-0.36847149963328457,-0.5343640218098267,0.8945718510922451,0.0
-0.14076535066909204,-0.6129324758153744,0.09233716496725022,-0.25392964546937896,1.0739645163123894,-1.0314518878346313,-0.20220130248908302,0.2316115724869912,0.0
0.693506990930409,0.39453942410360104,-0.9300507094251669,0.7279208079240895,-0.26699320400403054,0.25383255635944874,-0.3382962197386246,0.693631908586522,0.0
0.07559544377716985,-0.02920943883432975,0.09264341650387899,0.6775482345574392,0.22353631118653755,-0.3493951755247025,-0.11298799533001284,-1.2142247344336077,0.0
0.1903972966068365,-0.24132878244639433,-1.1270160820632285,-0.28991778765479354,0.6297180451408375,-0.7622021979155736,0.4832122144116886,-0.9320718480856219,0.0
0.24990007935474942,0.07674401114642715,-0.25041420548868765,-0.3369775438676774,0.43385741069901246,-0.06574474667201824,0.6348742547746588,-0.09334201228922478,1.0
0.7672955438720446,0.7492735344406027,0.24401741258901802,0.35568533140999775,0.11511495088757133,0.3940859615385449,-0.9174663196697469,-0.16182327628272025,0.0
0.37315410772320917,-0.007452068293434362,0.7003496205288707,-0.1537308096985328,-0.2452929473276604,1.524409131113294,0.2739693310935656,0.9583314280347276,0.0
0.6171713129444609,-0.31691553618314655,-0.11588756774117474,-0.5264305858461433,0.609763818012551,0.24137931656511036,-0.06080855198167472,1.2725461478242672,0.0
-0.08361787970786756,0.3157327807946993,-0.15475465745800304,-0.6300859351238239,0.06461987942733212,0.5465447152999199,1.0701207764833083,-1.3659928284342013,0.0
1.2899779107349407,-0.18553833311761306,-0.008503290447430013,-0.6954596601063626,0.1719092810326939,0.4032276520849187,-0.03970151505618193,0.5131563632152074,0.0
0.27664154082142406,0.8245550611595309,-0.36001439498997184,0.8447075707940133,-0.02622840211212796,-0.014758917886004492,-0.4092035183378897,-0.12119532146312265,0.0
-0.09823450869324446,0.1184001060942693,-0.10484535845284201,-0.3935796624157736,-0.23054159594401236,0.9084746282588423,0.9351744385259612,-0.5500938505331955,0.0
-0.3030153876674458,-0.565056014837879,-0.19657367914315993,0.11392684889601337,-0.2534658570166523,-0.04743637708857123,0.06648572979391174,0.058646390437514524,1.0
-0.0639227433206676,0.875130431085921,0.722004851452908,-0.0027429207649360145,-0.1694310649964107,-0.2900752095394513,0.2631034888947343,-0.811551645367152,0.0
0.22492564790250358,0.5794033288896591,0.021992603060420536,0.6585651387489364,0.07922214364595426,1.0950651164498177,0.1571619801240651,-0.12603197389777182,0.0
0.37608958957922534,-0.558088143138584,0.6237915668976297,0.27938840580956686,0.02421787439741783,1.1323426438661142,0.6288141688768114,0.7166177882546935,0.0
-0.6215900765791277,0.30438110069917074,0.523248174123499,-1.1563126057388744,-0.8372204639276217,-0.34752030174858284,0.7419443778600079,-0.13262581532322854,0.0
-1.3292026061522675,0.18791564072861094,1.1688551720658882,0.2615834791520278,-0.22245108497541874,0.15878151399454168,0.27369741069889725,0.015752561775616132,0.0
-0.15463740478172994,0.33285121983161325,-0.9950392524194328,0.9886330872757206,0.961283394259446,-0.4009919952069314,0.3660889064948513,0.4476578170067376,0.0
-0.42637239633080065,0.11758125321316978,-0.42805691416065894,0.6007132566756203,-1.1608186241884013,-0.4980002729111146,-0.3881880489185407,0.5624797789310403,0.0
-0.008513023862211085,0.5306020933089759,-0.2814865003888908,0.32047308295254645,1.1012980526421423,0.10416034715556657,-0.24127604642155365,0.09333944039178133,0.0
0.27129404765385057,0.14636055928646388,0.21418096178751114,0.8382754228602731,-1.03472084383391,0.14802956343612042,-1.3182825333962567,0.4583527087442201,0.0
-0.1618363801043705,0.21568138334680917,0.16487081364095799,0.6270443722329974,-0.05113703125187773,0.20143908388335918,1.4031880555467957,0.017311037899038397,0.0
-0.13240456932546252,0.7129129566880648,-0.6794548565200685,-1.145357535755535,0.4394832517712221,-0.17852957466645183,-0.7743579295750175,0.014958798170139108,0.0
0.47601612432662904,0.45220861682244845,0.45880252343078043,0.5292771603376115,0.20522884997018095,-0.9766721450438662,-0.7548320353785755,0.06093844897881382,0.0
-1.157127273183881,-0.12966200650839105,0.8131356425829954,1.0376822169076783,0.40796116203570904,-0.35962456821250754,-0.11652336237621348,0.3292122169518255,0.0
1.1048532344858712,0.02420759360871834,0.6860493104793924,-0.3203027830215267,-0.04175987588112592,0.3770648398582806,0.29911247677921876,0.7237651073840106,0.0
-0.8252964580217377,0.24417797688769127,0.44643295066369076,-0.6135867120775887,0.19481846347723517,-0.01205616610180494,0.001974411109971103,1.170473824593386,0.0
0.3389946194577044,-0.2025191259604742,0.723643904939866,0.19171039003961335,0.23446404644236518,-1.5593444129864655,0.1563491774105881,-0.06850060758532568,0.0
0.6007620824949084,1.2175106957817579,0.35256283534331245,-0.7924243038419763,0.3695471761336442,-0.07314191403502773,0.8561131305128379,0.523201322452703,0.0
1.0468138414223078,0.5084501005907444,0.47023972337912073,0.023458498698725676,0.14133296480943278,0.2336348490123452,0.002610647881988916,0.7453318844487644,0.0
0.03622425917686136,1.3014800555680586,0.35825902419761807,-0.0034324682793247688,0.23625936363649833,0.1923489980993619,0.34986894265640817,1.3397447173759132,0.0
-0.4375089721620211,0.16625842950570924,-0.3607357772125031,-0.14471416127512554,0.6017375562205641,-0.05418898984305031,-0.2542278609096538,-0.34210232033376486,1.0
-0.005456104728138281,-0.17748520851231375,1.3179439011963787,0.7002816616851736,-0.4118881062303977,0.17861949975317354,0.2610009434011652,-1.0077231419521095,0.0
1.0030191288400758,-0.2491165804383995,-0.2803120945524598,0.8546496847158345,0.38442604876741204,0.6636279476126005,0.3747939991405108,-0.1947434541021725,0.0
0.9085345264740866,0.8951968136828696,0.2781922368989621,-0.7432244518156934,-0.12924517320524193,-0.44963584640402643,-0.4287266152279028,0.15623736604705546,0.0
0.5999788078078402,-0.6929458582852926,0.2595694885787555,-0.7960361467109093,-0.4280041396717267,-0.2773556964299786,0.7442482188508509,0.3173450390403498,0.0
-0.2842219420705893,-0.0247501153081399,-0.005055775826365325,0.1580686553382013,0.08769921184879213,-0.28178610406860455,-0.3102023778566776,0.18617240225941206,1.0
1.1350594753708503,0.14834180047430445,0.17839690846082493,0.24187414973080867,0.3604476228875294,0.2540277179909838,-0.6609202368328966,0.1762998811369328,0.0
-0.36489177260112327,-0.5746863233361703,-0.16196208088659192,-1.5250696375445325,0.21094710520258414,0.6068752822845339,0.8378734782113405,-0.5353559601730832,0.0
0.2722045365427339,0.4724598835669696,-0.13135501457461465,0.2520079627807912,-0.25279397489459315,0.9091351526947382,-0.7534100541604436,-0.7078380339318557,0.0
0.06535095637866163,-0.36235993208713063,0.5578667835055484,0.2397351924589043,0.1119637888867912,-0.5985093872435101,-0.2627376474692156,-0.04601974060618729,1.0
-0.22481966020891878,-0.014782878030832693,-0.36900371215989763,0.05169370970575236,-0.39103203324176233,-0.06140700695151555,-0.05500670409204911,-0.4147289597231702,1.0
-0.5455708485882866,0.10311761106655506,-0.3898586156600661,-0.6358503123036146,-1.4369635177124418,0.6785225777284167,0.5316468757721692,-0.45423046706608255,0.0
-0.5920280241819234,-0.6517252629291183,-0.6493673762899361,-0.19639647666033822,0.22662551444182147,-0.7586450416408324,-0.2846870198661993,0.8043590596875753,0.0
0.20064402092419037,0.7650061566159055,-0.26071691946114417,-0.18949655243904195,-1.0776569468595545,-1.1265510788188136,0.06035935498774464,0.3507153826161476,0.0
0.8182269204339689,-0.43001100591319896,-0.041674336996906106,0.40047408880065116,-0.34523611615756583,0.7828125382468057,0.39453302598835666,-1.3869324636558371,0.0
0.4281797100797829,0.04741738709426197,-0.1581716985624122,-0.6920847679992945,0.24346614632336322,0.3000493235708153,-0.7196710327174655,0.6110744307543182,0.0
0.3547225011105398,0.4194076124739035,0.29176567594020186,0.028342227691858644,-0.10916634269887833,-0.8385599751705246,-1.1891034026170357,0.57333258670123,0.0
0.2360849889991996,0.22331677136397862,-0.18970670226760503,0.45370872049975397,0.15882244800691575,-0.5091236590862616,0.5651917166742731,-0.12389846585135042,1.0
0.2979583761193971,-0.4151727081702804,-0.022598060691934135,0.3289416455668606,-0.4872358679667205,0.3375456693594719,-0.26728313122769654,-0.2806681898113598,1.0
0.0719544682804474,0.11453525900604739,-0.495692747784723,-0.26044987667135633,0.0250229739038751,0.4219467038056945,-0.11806172920183747,0.220335950763375,1.0
0.2509938110068329,0.5417765582813541,-0.20313536507117796,-0.15698080569541084,0.0406540034706888,0.04602949544928753,-0.13449085671154926,-0.39392520544176696,1.0
-0.07152337383777321,-0.019457399427508865,0.38003841108032893,0.24197712762707638,0.40834832881313377,-0.12655588121310654,-0.4642162249558522,0.2754093903836489,1.0
-0.07337538564046685,-0.2224180342641414,0.23577959423827893,-0.17736537289260787,-0.12752947752587793,0.0022976440121666854,-0.36811253063281957,-0.5671428188823744,1.0
0.432620190060082,-0.35413979727360434,-0.119996305835932,-0.35514350078275103,-0.20487306282678355,-0.5590812141013011,-0.02314235833159792,0.20658707651186123,1.0
0.37586472183998954,-0.18500275104841427,0.3022864620624495,0.14142243132408489,-0.494094848726383,-0.4689173529165012,0.09216505415761968,-0.4701955982091574,1.0
-0.3695208163282913,0.3554134381515375,0.04302643923253415,0.14089967347080426,0.07897779754070311,0.1274748308422487,-0.20485374310159374,-0.6167566358904935,1.0
0.12819605211382284,0.5693148994090816,0.019385832927662196,-0.35027206249130943,-0.04704302082151916,-0.19815153037689107,0.39181107185814734,-0.4874031035036101,1.0
0.15404293397093097,0.10326011451045103,0.08408335727426458,-0.49715306501266815,0.08470053036625129,-0.22654468075643935,-0.17474955147692092,0.36008796041340146,1.0
0.2977967784700277,-0.34368416162993215,0.09672433975874957,-0.2592080533892843,0.614389677682539,-0.2447728604930235,0.5169717229649503,-0.10514131166285537,1.0
-0.3631744989108514,-0.15995066979946318,0.1409647969077402,-0.21762501566311696,-0.2642083620643571,-0.11762666376126757,-0.12286808863847076,0.3477251810000927,1.0
-0.24043970196044656,0.18248439094986668,0.040558943411187584,0.044822341405581625,0.45588930039292325,-0.4837963179263023,0.23540508831572407,-0.17740499891858524,1.0
0.14009246916829723,-0.056934148256634905,-0.020691471471923385,-0.5861256239917878,0.02339282382402031,-0.6234650577588154,0.19314686422444743,0.07260914500008295,1.0
0.009482238805921882,-0.2201805393129472,-0.0428616365667111,-0.20671919877053457,0.13461871333146255,0.04340553882462659,-0.07536926039905176,0.28696347820256285,1.0
-0.5217995266873215,0.1808911378309447,0.24103584140958478,0.03460010580255671,-0.04947177537986346,0.1113735811315621,-0.06771547654105668,0.3998184889944788,1.0
0.2184439275014648,-0.27572040641377427,-0.0987610415013143,-0.6563329656931455,0.18580953521577298,-0.1676339244460443,-0.15894665968994967,-0.15143192691338514,1.0
-0.44518187931456366,0.32388709265741567,0.07440735934111475,-0.16273666496544967,-0.7539033962707093,0.16722196123787714,-0.07893543130625671,-0.20321510953929758,1.0
0.31095911924032843,0.1080566398323115,0.16656979029935187,-0.14394266016916302,-0.37865382318274554,-0.4569528733407147,-0.2553001864094758,-0.0042552266007799995,1.0
-0.2952252008219176,0.12754379104244848,0.27011367177350654,-0.12468460231828742,0.3744912955444223,-0.46085343127347334,-0.07875496084229694,-0.45535632332719334,1.0
-0.11588831021801461,-0.35256950773149504,0.3775231107807057,-0.06179934699240265,0.534045877804366,-0.03099492456622649,-0.3431259774880265,0.474792148979809,1.0
-0.5585509928606991,-0.15766891213924178,-0.21858797694089255,0.28605775855480925,0.2615761051384186,0.09331693420522434,-0.4165575759918478,-0.15548441657371945,1.0
0.14750064439027127,-0.2866710388799364,-0.02968273268626078,-0.0992203514317521,0.6459812398002824,-0.23792322153681852,-0.026874251432048447,-0.5214500638396729,1.0
-0.29917428006000857,-0.05041777536007403,0.4922242353342878,-0.1387891829265839,0.11833196082473531,-0.6185645563165161,0.3732832262722637,-0.014076244015476596,1.0
0.1592457963294575,0.31888711313474355,-0.37467858209192934,0.36094913335175977,-0.49357513342955817,-0.3895154017535966,-0.4058406828069963,0.1993839455603563,1.0
0.4362426456995129,0.06387091337030093,-0.14287203875352605,-0.15514669854235813,0.5227907225658439,0.26112344651646147,0.33365186305410666,-0.4216457390169153,1.0
-0.376367327592333,-0.058606143128283876,0.20878662935475217,0.169717593307687,-0.2850948554770731,0.6572756035498994,0.359290189418144,-0.16422863585788494,1.0
-0.13879037975661163,0.013677818868732794,-0.1585514081997746,-0.5179230239969277,0.45578394108222914,-0.19700738256622197,-0.26886681041074434,-0.5701575510501368,1.0
-0.03067839453771321,0.6120569242925972,-0.3714259568602486,-0.13197257781549274,-0.5244979333052651,-0.316398745039489,-0.18973435026857632,-0.22980426421335787,1.0
-0.30005119266717906,-0.34957355451437544,-0.1423522205747859,0.3453848615537365,0.13750304084021045,-0.28048308270773226,0.27989687227701815,0.378637951829268,1.0
0.06886689600171256,0.21084689911065568,0.27375732650208967,-0.2915269389666942,-0.6988650273739939,0.23083597152778385,-0.37410622895355744,0.3195802953456685,1.0
-0.12378819984256083,0.1491206921475744,0.2191049042736902,0.15772425820611505,-0.6493289984205605,0.13383252797836453,0.06033574635923323,-0.1802101395523406,1.0
-0.19947296961122588,-0.023842218840695997,0.530154663438833,-0.3728516613179047,0.12323237280079812,-0.4796687768482116,0.41606087645338585,-0.23980256567832103,1.0
0.246151949457381,0.1584724397060563,-0.4716600254605786,-0.35544869334650453,-0.27954642140583724,-0.3045488751022181,0.2970755628453892,0.16797681139896414,1.0
0.5564920038319312,0.21788703045052812,0.4987442760885448,-0.012138980738095292,0.428963643008268,0.243893286407828,-0.11533574788337073,-0.09208159020456048,1.0
0.1423789441133219,0.39164815585825974,0.29849430037369296,0.3340886062272333,-0.27977712262413323,0.19570390424913778,0.4902235215428597,0.26232764508039563,1.0
0.0527208300087265,0.0840015064978083,0.005496438198368362,0.7305156010215607,0.152639136398147,-0.02982317629649474,0.24633336411843795,0.31806404853088194,1.0
-0.5529425098491204,0.5400833808040222,0.2987747181593609,0.2581212304614898,0.025124189434988033,0.14289826849902276,0.08711283204290628,0.25779556208761994,1.0
-0.39590188342088284,-0.4918112301128971,0.06796174145351462,0.3774103816700224,-0.36399645057646535,-0.4277724298715335,-0.022125093669544044,0.33667999232434986,1.0
-0.16213677610260632,0.15847913338341274,0.14358713436719184,0.5055065247047273,0.13638151143261476,0.08342407948188385,-0.041514610226909145,0.008782509238700354,1.0
0.19349611509197506,-0.023396430876935468,-0.12001625724399545,-0.39058617790915295,-0.6997735787330095,0.2970235755506022,-0.2112729352665093,0.24827739226684342,1.0
0.3992002788803441,-0.2352262874197715,0.05796476737444418,0.5567234335681897,-0.5330228842152928,-0.015503467680718258,-0.2825304651971631,-0.08384228803803986,1.0
0.12494103555359086,0.42650820080335056,0.15098057102703172,-0.08859468043911091,-0.36143806699212555,-0.4047630800293527,-0.2614607814167285,0.35386700298167195,1.0
0.38462361352999275,0.24342087126969084,0.053845166399444484,0.3509268181490471,-0.5971184000620773,-0.08842397461738219,-0.3681074128445582,0.22812038159377512,1.0
-0.5014431882009983,-0.13985538079049148,-0.18064417047264755,-0.5324278020653692,0.0068049081656361915,-0.09210233624229458,0.19569704629480567,-0.13631793980270893,1.0
0.19104097515723234,0.5443502775395306,0.009817279218874106,0.07027987237589703,-0.40630561836556295,-0.07239389701788763,0.04792541743001302,-0.1641792611991229,1.0
0.29920643662978197,-0.2628264122556091,-0.2908773959175167,-0.20170040936407804,0.2524400210085785,0.5247311994668561,-0.4290264348869759,0.41113021991953125,1.0
0.17664599293007643,-0.13789892217284846,0.6442422691123458,0.46603125582737825,0.06367280426801873,-0.10618004238666368,-0.2186278671680355,0.47446178197394745,1.0
-0.025500974845790697,-0.19551975106744618,-0.1779343054138799,0.2058823911234069,-0.0691199279904595,-0.26157426452307936,-0.06576966296668282,-0.3977445682535149,1.0
-0.2891157235709733,-0.19934478816207282,0.020809578012775415,0.11672783181751048,-0.3678183469296247,0.2790419512513363,-0.01718769216168242,-0.26689234987807553,1.0
0.2567318725562205,-0.016355790106356717,0.25316487571477714,-0.020473321463461164,0.01335246880524313,0.05090445233377369,-0.7528909488670326,0.22338249874794902,1.0
-0.0678073763149644,-0.47026266791909366,0.47463916559278024,-0.5998749442720919,0.058507795656976384,0.053457874988795666,0.36271810296106394,-0.1114297260710482,1.0
-0.2198698449069887,-0.026897122449640994,-0.5508747305288191,0.12628603050041787,-0.22115872358776822,-0.7375962220210928,-0.1006242228889707,0.02287447119681193,1.0
-0.1804712058285941,0.12382675619950312,-0.14203981410166486,-0.6492084099010885,0.48820607534097205,-0.314531907643024,0.005989436059343196,-0.2465368570476843,1.0
0.4096367635966942,0.29538696683190174,-0.10630939490171142,0.44770267059691765,0.10691056564147408,0.1080758012409167,0.17642566180812194,-0.0667404886504859,1.0
-0.031704676453574554,-0.5056060554219467,-0.38091595137486506,0.06339655309743647,-0.3413504914783879,0.29000453534563614,-0.12795466602374503,-0.4114660754188478,1.0
-0.02966718962700018,0.4878609664221817,-0.008611860840319865,0.06256963122043736,0.28652633321229404,0.08404780227587165,-0.48222615614962594,-0.2635697247862047,1.0
0.09627412768338243,0.23520058989106857,0.07754140314296346,0.0619812356444891,-0.33670097270371024,0.07579067539448159,0.2271450158743834,0.7448088404237677,1.0
0.18842586458300273,0.4257414218999469,-0.41246679252610413,0.2485375855144303,0.4106709670987176,0.13399552014344915,-0.05237035199109959,-0.19299221629152521,1.0
-0.5573328186228877,0.5454542827608958,-0.061577998398206026,0.24111256498584874,0.07506656497156532,-0.04799947512835836,0.07003376779160334,0.31755359522514315,1.0
-0.39059690248647067,-0.06759849354403621,-0.12998833790511416,0.5090197282673236,-0.2955429477741531,0.406598497400904,-0.5107970651678235,0.006781224456009777,1.0
0.5041314671636333,0.04690539392932129,0.19349747621524005,0.17343539719901677,-0.34981870123150016,-0.08309777361475336,-0.14707252225065026,-0.32183430253642886,1.0
-0.22002706720326096,0.23127178303522644,-0.5501866447702763,-0.3401015171098922,0.44388045682007227,0.2257138994253326,0.3382042030504211,-0.03525874462543997,1.0
-0.26218963891508057,0.3946113105417577,0.6079131655767112,-0.2607847512831498,-0.011034516390598555,-0.08564190539133505,0.29880880589868214,-0.17293392651300357,1.0
-0.05305912275721313,0.1382571949271998,-0.12207917568881178,-0.06149417517061607,0.5231345631328683,0.060562873479015615,-0.30795101685226933,-0.11014632914594348,1.0
-0.272938083857609,0.11340585311478785,0.037458509450272126,-0.44078431908288285,0.2781257731549115,0.04124865091945051,-0.2157772278695823,0.2555123906897437,1.0
0.4203189762032565,-0.33278603534863765,-0.14429438703352404,0.3380414318357633,-0.26503903947755336,-0.05964402084460624,0.1706527588410631,-0.4566422995547839,1.0
0.4129413162191759,-0.06426439772007687,-0.023696557503696543,-0.2794369055407053,0.2861980771672691,-0.49711559461681143,-0.16734001568319082,-0.2424076777544136,1.0
-0.6699583419428787,-0.18687581104526613,-0.18023133576988765,-0.2757891951377185,0.2234602383274967,-0.4076716030133604,-0.2072396789186077,-0.3367606421978174,1.0
0.1653050533940434,-0.14214154320654984,-0.18461033016908765,-0.5632717819352834,-0.07250567924397756,-0.6297110983391948,0.10096562602779932,0.3134111241965392,1.0
-0.2572091908730343,0.20744534813256238,0.41248122139636983,-0.47923685569538155,0.2752312267733294,0.3895096386818185,-0.3493408073780718,0.26539579931978585,1.0
-0.11885490850726747,-0.07483578358381388,0.11501486620643744,-0.22140470118900288,0.02767689998970696,-0.2065781172305195,0.24776119766922794,-0.11546337767751906,1.0
-0.1716637874169767,-0.18597469402718791,-0.275549427660948,0.20878866066485938,0.43888173248714174,0.22019888115586392,-0.4289569800018874,-0.5796029095529199,1.0
0.4117847824419251,0.13503519038348058,-0.36865805539594687,-0.32416181112667614,0.10286532319037542,-0.48234894451311916,0.2508369310049609,0.05923620163637997,1.0
0.20122639837824027,0.24214557795076433,0.022402124009610738,-0.021642843822703872,0.3665427922634253,-0.4366339942912436,0.07816177464613631,-0.5309518238405757,1.0
-0.06328216953552501,0.036255519971137046,-0.07416454408706868,-0.5745025665879198,-0.3372299484839796,0.1763236748515373,-0.2080287163201519,0.2158721700938159,1.0
0.022777529172950076,0.34477721192163746,-0.2690538194328206,-0.07945694291443212,0.22861975087420872,-0.45718539215650633,-0.23846716766144627,-0.32749639578834766,1.0
0.12599255336128515,0.30227423807358333,0.06289772307944556,-0.6481337200000563,0.2571359181490964,-0.37288619035738235,-0.07862335299701807,0.14227857678836991,1.0
0.1859541993197292,-0.7261648398025267,0.4220699967663073,-0.007911782280638654,-0.29726422043739753,0.06609160478153688,-0.1783090766301341,0.31628547437057253,1.0
-0.16761615066548255,0.1743872434259444,0.07647019894407074,0.175550276880675,-0.7461123203455796,0.5109354764275508,0.21154032399582698,0.003080099764286103,1.0
0.07799021523784205,0.48447493816490333,-0.12015946220013246,-0.15451574576382615,-0.01827649144808408,0.8244940933766167,-0.1741817200303858,-0.07096766247739159,1.0
0.171339203238652,-0.16284728475658872,0.09865720702223368,-0.35320864340718816,0.006211840800111553,-0.09537569433877363,-0.2802802552775975,-0.7436567728362903,1.0
-0.13673338359286372,0.08250284181968016,0.1501837149060649,0.2424018882317189,-0.41537019841031503,-0.5077351395475754,0.03352422821359488,0.12552942790952298,1.0
0.05407763976752103,-0.10688622600377759,0.28641614234114254,0.38435817443674797,-0.47010203163896114,0.23469667093390334,-0.300665283902329,-0.09389587457078802,1.0
-0.1914917130870543,0.22846974326684377,0.08100304400910803,-0.4050608934030583,0.6517712841128184,0.23849287347409953,0.28695751592378715,0.025035082569315657,1.0
-0.35663844454354093,0.15725474828726446,-0.11327862438164492,-0.2273298597990857,-0.2887518014233498,0.15566383270153436,0.4869905698039332,0.29535189665041256,1.0
0.10855674971583124,-0.18990081502828107,0.045387199450465064,0.1473743951329907,0.10606000957403293,0.19018172055093144,-0.13868744781769188,0.10235084574237814,1.0
0.24095506476519346,0.49038295995495806,-0.33779222826215927,-0.06217156899644277,0.14540686157518015,0.056912644017514176,-0.05089854647081383,0.4217534084748564,1.0
-0.20078067918630835,-0.6812524210412698,0.005813557814143484,0.4925457209419633,0.15960993039060373,0.2570825245918977,0.06678697292241165,-0.3013680324511772,1.0
-0.3280632115068611,-0.06244168450067511,0.35502774747402943,-0.06894083072723314,-0.4143336218941604,0.16351223609609647,-0.08987052384259198,-0.7397572843943659,1.0
-0.4940636543779863,-0.22781303633530256,0.13890708464579407,-0.212715943372632,0.07542494045811456,-0.02033686722849982,-0.6216340839039354,0.18534483215090206,1.0
-0.22816269376255502,-0.5982625584248561,-0.30774982684023316,-0.15181276077674968,-0.0018223501104865673,0.33064528274943944,-0.23018807058585933,-0.15622904701736778,1.0
-0.16065933740458294,0.1452570539739406,0.28942679838140817,-0.05050756632806028,0.06971500984505563,-0.47754888085164304,0.21156838236945072,-0.7230972718807348,1.0
0.17635476356823487,-0.3778667631393034,-0.26611365657077785,0.766933281022024,-0.004692439217118053,-0.00643198041945094,0.329979553625949,0.03255115419466557,1.0
0.3951608909214051,0.5943918137330725,-0.47402209481324364,0.14498270840904856,0.11881665508902568,0.08546078661334103,-0.23512527799331828,-0.24551829289970004,1.0
-0.1494594207151441,0.09962004287282841,-0.29954509661861256,-0.2769831463130195,-0.13625102189214017,-0.31074925951757904,-0.10387335978753864,0.4118407139754288,1.0
0.015499917432695218,0.5318669933679877,-0.3738122674679639,-0.41105726188159075,0.34130507422494627,0.24030131478383762,-0.2334455672700845,0.08193399264190293,1.0
0.3393225947492068,-0.19444649200814054,0.1604693898832881,0.5859648092581632,0.4719324072698633,-0.15542023229725416,0.12075004254586501,-0.05885221779832947,1.0
0.21479146596181228,0.20150566876459192,-0.2947430785732321,0.08058755292203348,-0.5882552980634703,-0.04833611469199311,0.0170169079921909,-0.38060479194461566,1.0
-0.18263860355319456,-0.4637157792652427,0.26220771667652226,0.1056621534357112,-0.01687243076983686,0.19284764437900642,0.05318958013195035,0.3026391087392519,1.0
0.4469954661448685,-0.09932044057863199,0.17844578751154286,0.19750651538617164,-0.20915548889897878,0.0866751703036885,-0.4044681947897162,0.033534713252357004,1.0
0.3654070456003156,-0.009587454774915863,0.43854130386539203,-0.19694934538310518,0.05671861626690649,-0.20513500785077599,-0.42839856183905367,-0.5624792374793326,1.0
-0.02870062610648468,0.10303846760840196,0.024769721425669612,-0.1618308375811928,-0.26422734876277454,0.2703103717832656,0.5443997264781331,-0.0415801646660663,1.0
-0.02217599130274266,0.1271861549006558,0.012317539143333786,-0.16953868440700504,-0.4060498675764405,-0.13122713700559405,0.015613192562699694,0.7047509753482326,1.0
-0.20399728342234363,-0.07323532715928477,-0.4020685958674319,-0.4038735772917577,0.15872236399084014,-0.13421393567897383,0.17376948025859093,-0.6048229457558548,1.0
-0.30874218311626145,0.007272452657678027,-0.4825449707757432,0.06703266331516969,0.1287905302045284,0.03902305309782162,-0.3463952545663975,-0.27973029676873246,1.0
-0.10406360073297925,0.11170300849491764,0.4686500908734926,0.2105836093774676,-0.1256574801061593,-0.5290539891611725,0.202695387552161,0.22135171757352046,1.0
0.15536593497463827,-0.2029072451557058,-0.18364151791393538,-0.19854008709816595,0.36216332221720143,0.19645296242720653,-0.5974107723839159,0.11521499361141826,1.0
0.1702387350368273,-0.5986627689965734,-0.11000504394417032,0.31696693298856526,0.3222917409570331,0.5162760453131828,-0.07307894155110477,0.27170619163663473,1.0
0.1381050543950902,-0.13365161811555645,0.4393787178087812,0.09932444967881826,-0.010979963972925591,-0.10635418655773798,0.029663634034712907,-0.25054018267386957,1.0
0.03125710160068007,-0.01788135803725115,0.6491204505470712,0.23277293231407184,-0.19309991662925477,0.5838690573758125,-0.019581521693122612,0.19408847271614665,1.0
0.21973738893106054,0.34067768178458113,-0.07637708388199244,-0.2801830444710384,-0.43921117359613004,0.2873896506256902,-0.5045308326488944,0.1879541115275729,1.0
0.23731407116772082,-0.14883619541608162,0.06272204345098584,-0.4503566658023025,-0.09816290160132357,-0.4283413238372226,0.48136982928437594,-0.19769127102540984,1.0
-0.14412665177055856,-0.5593852431522491,0.009585923540741533,-0.21987399918595257,0.12888524289968395,0.1841287564553277,-0.3971840050238367,0.45505329725996885,1.0
-0.26672336496472426,-0.06486507464451209,-0.5400642664101654,-0.11754966058854015,0.1534740462210616,0.24025724512146898,0.4805807831607766,0.136757908422446,1.0
0.2843906171841821,-0.17263025399505974,0.4968803982444006,-0.4012576965386216,-0.08624573666603962,-0.031253020723310584,-0.3257283146741794,0.19009490777084725,1.0
0.20924704454110116,-0.33327610374059896,0.13919734470383008,-0.0937312380089857,0.04474249456369286,0.03618820243398953,-0.3568391533577974,-0.1699150640169666,1.0
-0.19914729193067282,-0.1284511009291578,-0.3151009307272614,0.22670127690215475,-0.3563145840809141,-0.6165184091186817,-0.08503298181675115,0.2385477304250468,1.0
0.017278562496339155,-0.041287185984130705,0.5333949817291967,-0.35847155326148655,0.3821454059890332,0.04566678900904994,-0.024073135970285625,-0.4765694746103286,1.0
-0.010831820611761212,-0.28764622238582516,0.07904990844947286,0.4575346914771918,-0.09325134141034372,0.08790013659113195,-0.2268697053354566,0.7188526466992193,1.0
0.3805291804740718,-0.042462178144717616,-0.28767691964061276,0.4881617661717496,0.2780004797296918,0.051569559440972156,-0.18190249723312105,-0.002963607731534251,1.0
-0.06962444502822446,0.07305399028036637,0.10422815531336924,0.26341937198063015,0.578532355563315,0.40150959443208284,0.00413635784465109,0.016751434251152962,1.0
0.2741776784284078,0.18900168229740313,-0.15500758383572005,0.2543041082295078,0.37396540369156056,-0.0013274595753721217,0.6862905847523117,0.17151155285640599,1.0
0.017737798837429434,0.007304757102906255,0.18463607049535405,-0.2073822921887838,0.08610263313984098,0.34880747340538915,0.3136971388817111,-0.10576896712428145,1.0
0.02150679672760414,-0.22079141861644544,0.040632940225861974,0.34748726224834015,-0.021834292208652083,0.051515811803110524,-0.40013866094216777,-0.07262805330593468,1.0
0.20634967172291468,0.26857221710927937,-0.7323793635558928,0.13936456359694435,-0.18291087196546477,0.011644140943139935,0.0921961782856355,-0.02082856569182781,1.0
0.3348270632965539,0.49265878058039525,0.11017949288456215,-0.17322360089568664,0.18260737344048322,-0.15430239388710346,-0.35437301524155007,-0.12979759780111555,1.0
-0.2706897506082246,-0.15137150099842545,0.38930311801695583,0.13463047142006382,0.011787141657109805,0.09663865651367737,-0.7848591387722128,-0.017549837295015417,1.0
0.059376918880312886,0.4269539829555909,0.07566344009343767,0.47075328174763975,0.4691643580818168,-0.08304251547734859,0.2101317293999724,0.12339423749000406,1.0
0.20687339159336293,-0.011063753267495771,0.6257707674806808,0.029492027512765355,0.11471992060775278,0.05884144245779606,-0.38917589443009365,0.4051446286664683,1.0
-0.23158185591989855,-0.16203588312811298,0.011848487427571545,-0.12104041106957002,0.33594928214102987,-0.5922024523015373,0.3282692222030463,0.08512522158248188,1.0
-0.32227507586067455,-0.16329778499076564,0.13918282121712794,-0.18662707081281749,0.19637133438520346,0.3075119227443868,0.20788118582422646,0.35614202875274525,1.0
0.041818378970094244,0.014478618815026654,0.4131758623410672,0.08177169508387046,0.23669480450127897,-0.10446153148832373,0.29968434523493775,-0.32342223482936155,1.0
-0.167891124627239,-0.06740282152775222,-0.16717872902440956,0.23000514237410938,-0.2887182090710926,-0.2451390719249833,0.30247936242055884,0.23336280148916672,1.0
-0.3712055889344239,-0.37724986137495653,-0.11072519203622636,0.21350468341371664,0.44284150000429473,-0.1444400808610634,-0.08040907269823216,0.051362617594726864,1.0
0.3582889523343583,-0.3315219113579713,-0.07731542047513837,0.2907047802876344,0.04431319762305585,-0.07250700641339526,0.20071467482276265,0.46026250900280263,1.0
-0.34120032810636247,0.42010793995333773,0.13480612483557658,-0.053420134270577686,-0.10903062195139213,-0.5115768992181755,0.03168104495011249,0.10179845541452648,1.0
0.35323961035786877,0.23487118841231566,0.37074736812767783,-0.31616184823333376,-0.4507882147910203,-0.16711446834115298,0.13429319424401162,0.44284104742615904,1.0
0.37581950102071604,-0.5257089161227898,0.1763432098400678,0.029647600912444172,-0.23931564150027776,-0.34974612744896394,-0.07247691810598235,-0.07748150434694057,1.0
0.37585116623801185,0.355367129587707,0.19593162409407291,0.22519041110425891,0.1217034953410519,-0.1382820341952289,-0.1673682611853183,-0.271467729871627,1.0
-0.5740959455888073,0.27983021386458823,-0.3024960099859751,0.21161700898554558,-0.3471651128095347,0.08640106741377783,0.10723324283328126,-0.38548278940222735,1.0
-0.12325916690007205,-0.05352480066895914,0.43802490869136707,-0.4010549520206838,0.573274810952087,-0.16983446946991976,0.40622161175008054,0.11424334886455846,1.0
-0.1975094583027223,-0.4138792587943855,-0.16333340880628452,0.000686932742178873,-0.09629487607464984,-0.05944897770309378,-0.26786186496726094,0.45806067550555796,1.0
0.36681059346866884,0.40832588032790834,0.04953681084681983,-0.14003283742977127,-0.11401093647421841,0.6720801460752182,-0.19074173860118812,0.03931572738144884,1.0
-0.5739790836270678,-0.218790492944032,-0.07614957613410411,-0.1947899045301104,-0.046590467407744716,-0.0568935546275716,-0.3778086888409524,0.03530366855061372,1.0
-0.08440019869486895,0.40373053595001385,0.14570835032201163,-0.018864514550813276,0.08147909295589886,0.22694645664618865,0.33835127538295373,0.38004170330310744,1.0
0.5400187924826951,0.1040030387549581,-0.28178446618822806,0.14330535750508047,-0.264593811687162,0.02977757358741697,-0.1402703943877395,-0.2671079185854309,1.0
0.3257781330532973,0.5838971557263315,-0.4423669117323686,-0.06909039861119037,-0.1820457534000463,-0.2700033980447592,0.2928227766031037,0.24821783259452201,1.0
0.5471445499270732,0.2261032346363193,0.298382941913541,-0.3689551916310231,-0.30960606062620666,-0.07877596695676066,0.12207528176765108,-0.0503963813248498,1.0
0.35268976874403596,0.2644899217302977,-0.5067668877832768,-0.19886504077840364,-0.2663629849745008,-0.08900192216164123,-0.23453361740302234,-0.36124506942465523,1.0
-0.369609463547779,-0.002902229730621783,-0.016641744197247253,0.6790556847033389,-0.5422458768601478,0.0856618010210476,-0.07287937520649325,-0.10479280044313556,1.0
0.07299379269225098,0.6055146094710939,0.270964240264638,0.2668831807845329,0.08214028191298055,-0.35928210960796575,-0.24722534315461717,-0.44975037490514674,1.0
-0.16202517732870939,0.40424977682679386,-0.5740316515676697,-0.19233267144728172,0.2604960509449551,-0.1156081838752676,-0.4168946147508332,0.15987481202185835,1.0
-0.041990600643278864,0.5927314593524577,0.20078533885692296,0.24295400227010475,-0.3709023013364859,-0.3766265391137265,-0.4422027245816332,-0.09897604798917163,1.0
0.6182631251893029,-0.5492326242313132,0.13730837808691237,0.17059306012356865,0.24264755369890398,-0.34464907782008,0.1924366695979902,-0.114883565355232,1.0
-0.6082208916393721,-0.07840094020295645,-0.553661533730512,0.26273251548434384,-0.43684356005582464,-0.013985901130956739,0.1607212244551797,0.08721591257235663,1.0
0.5040610423372559,0.36801316345858837,0.21834533901053582,0.4716420567275932,-0.30397520223175994,-0.4192543570126854,-0.09949515898625617,0.23817264192100543,1.0
0.377463758900326,-0.2648806629022703,0.20005478275380367,-0.014355862963250924,-0.09501732772719883,-0.3503515154970399,0.06633220794963099,0.2956064909244755,1.0
-0.13099109785105487,-0.16845933264911492,0.2475011386681625,-0.4553976537673854,-0.44075087309812006,0.04013329768256749,-0.05553330164215758,0.09055782078159091,1.0
-0.7119755412450772,0.029588262626136678,-0.47225282942728203,0.14831295828107144,-0.02129007236031402,0.3415761633835533,0.1008048148316616,0.043216094879797794,1.0
0.19424993209505484,0.44343835031614415,0.1697389193790704,-0.12188861049519205,-0.5369104736734783,0.20493989994441877,-0.23947136002774508,-0.10896296230099645,1.0
-0.020607473829760265,-0.1260806280801304,-0.22703957529253618,0.49924385138249944,0.27981407552633386,0.12496132568751234,-0.5013228993815917,0.3421100346122622,1.0
-0.6031752166057741,-0.10672643407887422,-0.43728499201243876,0.015003092471586411,0.03121167329981159,0.07879494317405954,-0.3632325367679137,-0.3078500412140487,1.0
-0.6895025585339147,-0.29667239679565843,0.1892302774603014,-0.139860572849466,-0.2733432685089937,-0.08158231010515829,-0.18796389333728136,-0.4074064210215971,1.0
-0.25287547326672777,0.26844349812401674,0.09947046538757005,0.06963625463570673,0.043101962164667156,-0.3826406505843811,-0.36941316093460796,0.288433759242344,1.0
0.22173684526878887,-0.6201551467385336,-0.010221866330010338,0.3041170737197176,0.3853578825497772,0.14905410311202266,-0.11241039484974377,0.013388165725575399,1.0
-0.388699154786465,0.3984137646352034,-0.5039401938466201,0.47593282063066206,0.3259750449942014,0.15866567526470135,-0.12071536096667308,0.20318793973705457,1.0
-0.17710927064790433,0.25778899731845506,0.22849786306838418,0.19659207424104025,-0.5094214115344978,-0.45385064492823546,-0.09547605257341624,0.355948255429498,1.0
0.08144563812656937,0.12256456028088905,0.31349281694043024,0.4205154005315891,-0.5499600829519092,0.09620864377163942,0.05676811085473194,0.05086642474231217,1.0
-0.3539294201371933,0.31424810992174385,0.158079483788714,0.2423654199772039,0.17509978708315557,0.07266538172992625,-0.1879347233660752,-0.2969917518236825,1.0
0.04101400607868846,0.08286896174568176,-0.43761336358057973,0.20520888842733812,0.36365002863876217,0.05493346022150802,0.0683124058346843,0.19713889680172075,1.0
0.46100048840345265,0.022083614169647957,0.13167185587367894,-0.1840450808828119,0.15962948476823147,-0.43503533906400627,-0.37358459349522455,-0.3606217267138284,1.0
0.491448618815827,-0.18793934561648465,-0.23511686155054767,0.10519411789350279,-0.24851839283198382,0.31617394669370763,0.16599265802977448,0.3399523179568546,1.0
-0.2283049292400564,-0.023356536848240433,0.4762708541794174,-0.2107366244142204,-0.295440011529981,-0.3878021827722527,-0.30971729064589293,0.35333011270252007,1.0
-0.4125539537375408,0.16658706413133503,0.3538898055664986,0.15950825245664704,0.2394504483300717,-0.13578777709154952,-0.18214136841192574,0.25670286572057943,1.0
-0.2928619754166763,-0.0184218223413239,-0.06967472687621284,0.43156856474031735,0.5801041752716466,-0.1511408684733306,0.28873028154992075,0.3395450718074616,1.0
-0.05688049186806352,0.04165979885642281,0.08497540768501088,-0.28994098392802153,-0.36601024282645717,-0.5306717014202225,0.1718767066165918,-0.5414396942650936,1.0
-0.355986161013466,0.27200034552913566,-0.0360884860387128,0.08955048920483466,0.01935665238803975,-0.3666272723970252,-0.027426045366324085,0.5408148456637056,1.0
-0.22166039585997657,0.02128815552701233,0.028685610943582636,0.01264367059871119,-0.5460985357959695,-0.20582089111222732,0.4242862510417668,-0.1390410049724322,1.0
0.09746698540308309,-0.10616775557246588,0.06096082937392158,-0.4316372403379707,-0.296842343062491,-0.11941259083709395,-0.12721865393663823,0.19206198353590692,1.0
-0.14995305691724267,0.19577551260460715,-0.3021406300164475,0.4002209448029734,0.16114204975298113,-0.18403452121866046,0.1694750733327034,-0.1583617131299038,1.0
-0.21321283140370523,-0.5512616420775934,0.06708393034142758,-0.05766042076958484,0.530347964351452,0.13731597812060717,-0.11208342491416454,-0.24032040531398627,1.0
0.09935373919136534,0.07255716959867002,0.4970660889360661,-0.28852037248197937,-0.06439882478084998,0.35711253869433507,-0.2815150876148345,0.26182505696033537,1.0
0.22399984269799353,-0.1963171022041125,-0.08443602980407021,0.6699454685595203,-0.3024878598154946,-0.10101713444577813,-0.29754783214290503,-0.3049324019431653,1.0
0.05443495099824809,0.09370623581344359,-0.15652769758814944,-0.14025489533772828,-0.1631530475151472,-0.3568498752892934,0.4139821934449608,0.030258796387402545,1.0
-0.286125834374395,-0.044530883671655606,0.3536334622105399,0.607850854363794,-0.3869889778346641,0.40031286316671816,-0.12213707859219337,0.1840360326828304,1.0
0.03993320802248193,0.3481310305969899,-0.43233788083222036,-0.2012058187031468,0.07248265946396248,-0.3311558150498892,-0.2079100200340492,-0.4692848230051447,1.0
0.5861968035600745,-0.22672207821858026,-0.37626649632971926,0.148111157769875,0.2983740540928547,0.06382765415275594,-0.06656362802786353,0.048393634967753674,1.0
-0.6904058653075977,-0.34215780727900863,-0.03480805766637705,0.08783800578153801,0.1652499252846192,0.2757241623747297,0.0653431742450213,-0.4050211884382855,1.0
0.5214413755127073,0.38637378987308935,0.04356205863397029,-0.3006877145222389,-0.33528889657023225,-0.15313561837820353,0.022303571902023627,-0.20392669291815005,1.0
-0.558326307218798,-0.09102460546421717,0.3648252441909689,-0.2501445780372666,0.01819905504689046,0.045256191163201044,-0.2655701070249018,0.06976466702119108,1.0
-0.44730651750605144,-0.20870439278117725,0.08566649527239313,0.4788839177472135,-0.4179117178908449,0.17981690269868994,0.30140207471569064,-0.4621572709349537,1.0
0.32658492071375617,-0.24474274796284626,-0.22744900782041585,-0.42950966184064826,-0.5277206790892822,-0.383354287274219,-0.05565316125753397,-0.05021715787588658,1.0
0.036637752452144075,-0.5404503132297787,0.4586874090558499,-0.1443606884396953,-0.40609692233363703,-0.11714953364262355,-0.17791589348550407,-0.423006208913037,1.0
-0.5575697699359429,0.5498498900373093,0.2963624538855825,-0.013683682581768171,-0.17161116775200289,-0.004557490874601375,-0.3119395883033263,-0.1087736494040433,1.0
0.06698034916796441,0.009926712411330795,-0.12248192053933168,-0.06029356741307626,0.5279850437954544,-0.021943786100468262,-0.40876319946658424,-0.3535353199119234,1.0
0.4534891756493646,-0.020176099411016765,-0.009063039389450224,0.8090048353610771,0.22655582600383947,0.023495236051017714,-0.0035854940496995624,-0.021321730795125553,1.0
-0.33313221211586896,-0.035537502376110176,0.022203307371557676,-0.4131202507542666,0.4470779637716956,0.49110828985424093,-0.12224913465606349,0.13958944069416837,1.0
-0.2489413173153802,-0.31651971817199454,0.38853507106648993,0.24400867707789786,-0.4296341709188746,0.04935300688403851,-0.5206407222982192,-0.11838030878878464,1.0
-0.38122754184202134,0.6499639018445654,0.18919541505549742,0.031236858983599635,-0.1269880920729246,-0.44865759015943246,0.008426122908560096,0.2809620736929201,1.0
-0.1824776240931517,-0.15335596671149543,0.04677639344758196,-0.38348133299328,-0.2630391688083988,-0.494311038160205,-0.47097498946373023,0.37187854403515125,1.0
-0.5394573505935386,-0.07086833887637285,-0.07663653791280652,0.2667702187594466,-0.23053917112479225,0.2729538128831051,0.12072918162402105,-0.3453461299324019,1.0
-0.05283024123667651,-0.713515523785083,0.3891737938788165,0.027157074894198996,0.3236370446244914,-0.29487914828093104,0.20353311314719263,0.1722305806442729,1.0
-0.166602070840107,0.13576634588701705,0.4123900821407208,-0.24986203287692488,-0.6745351340232177,0.14155097827111893,0.06835177679501352,-0.30228662100210946,1.0
0.28209747166700994,-0.394332122269304,-0.037025705030870146,0.08640594344900186,0.1336398127675563,-0.017717382692559982,0.09566579473799094,-0.10252342380016388,1.0
0.21532950625356356,-0.3666910010733769,0.4912988480569956,0.0060756331797039,-0.32629837054088706,0.08106432351314284,-0.11942926591137738,-0.4124976129392392,1.0
-0.40329699275620756,0.3171610943001939,-0.45419024252755863,0.14155896779980623,0.03425615672298531,0.45050370611893914,0.11263206752475954,0.4768556165098121,1.0
0.048235581469105955,-0.02899776371780071,-0.13982129451511016,-0.18725543423977362,-0.5712790341533719,0.009966872711743532,0.3668263143973002,-0.15124668664238025,1.0
0.398397471218985,0.3405105810651834,-0.18685738672515567,0.24607766385235244,0.5322351552422354,0.1456624920949569,0.024757771340114382,-0.1875862142646028,1.0
0.4144156722002042,0.2958363211476607,-0.48143985215837665,0.3463149957719834,0.22166305281521884,0.33749873321908747,0.3081408333876555,0.07686591912739661,1.0
-0.27873082576799946,-0.009070020309781894,-0.34261843393976227,-0.01408741655990427,0.5455831883660026,0.5714401873427194,0.0787579297542037,-0.29759601104829153,1.0
0.33044578249580464,-0.14955037346061062,0.49334538892873125,-0.07787614181422042,0.10818331349129491,-0.01457498663004104,-0.06323076214522147,-0.22112368692701426,1.0
-0.3939636030890127,-0.09110203029090329,-0.3652344448274927,-0.10460299985558176,-0.3930513517913029,-0.301048606404634,0.17702527455410866,0.23690849090100252,1.0
-0.2668512650642544,0.031539108229893545,-0.47070664264952966,0.44501187764932654,0.03575603500137016,0.25005162487087956,-0.17626277397415716,0.46833573790821353,1.0
0.4301360267345491,0.012111223192259884,0.2098013757726185,0.003975751729296291,0.2899615913324787,-0.13515186756595768,0.7433357283410053,0.24352754885393504,1.0
