S.No.,fg_class,bg_class,data_points,FTPT % ,FFPT % ,FTPF % ,FFPF % ,avg_img > 0.5
1,"fg = [3, 4, 5]","bg = [0, 1, 2, 6, 7, 8, 9]",30000,72.42,26.7,0.14666666666666667,0.7333333333333333,23518
2,fg = 3,bg != 000,2925,69.57264957264957,29.60683760683761,0.13675213675213677,0.6837606837606838,2262
3,fg = 3,bg != 001,695,66.0431654676259,32.805755395683455,0.14388489208633093,1.0071942446043165,526
4,fg = 3,bg != 002,689,72.5689404934688,26.560232220609578,0.14513788098693758,0.7256894049346879,538
5,fg = 3,bg != 006,699,72.38912732474964,27.32474964234621,0.0,0.2861230329041488,554
6,fg = 3,bg != 007,648,68.98148148148148,30.246913580246915,0.30864197530864196,0.46296296296296297,498
7,fg = 3,bg != 008,676,68.34319526627219,30.473372781065088,0.14792899408284024,1.0355029585798816,528
8,fg = 3,bg != 009,659,67.07132018209408,31.71471927162367,0.15174506828528073,1.062215477996965,499
9,fg = 3,bg != 010,695,66.0431654676259,32.805755395683455,0.14388489208633093,1.0071942446043165,526
10,fg = 3,bg != 011,695,66.0431654676259,32.805755395683455,0.14388489208633093,1.0071942446043165,526
11,fg = 3,bg != 012,103,64.07766990291262,33.980582524271846,0.0,1.941747572815534,75
12,fg = 3,bg != 016,108,65.74074074074075,34.25925925925926,0.0,0.0,82
13,fg = 3,bg != 017,110,66.36363636363636,31.818181818181817,0.9090909090909091,0.9090909090909091,83
14,fg = 3,bg != 018,125,64.0,35.2,0.0,0.8,91
15,fg = 3,bg != 019,135,64.44444444444444,34.074074074074076,0.0,1.4814814814814814,106
16,fg = 3,bg != 020,689,72.5689404934688,26.560232220609578,0.14513788098693758,0.7256894049346879,538
17,fg = 3,bg != 021,103,64.07766990291262,33.980582524271846,0.0,1.941747572815534,75
18,fg = 3,bg != 022,689,72.5689404934688,26.560232220609578,0.14513788098693758,0.7256894049346879,538
19,fg = 3,bg != 026,125,83.2,16.0,0.0,0.8,104
20,fg = 3,bg != 027,110,71.81818181818181,28.181818181818183,0.0,0.0,83
21,fg = 3,bg != 028,131,72.51908396946565,26.717557251908396,0.0,0.7633587786259542,109
22,fg = 3,bg != 029,122,69.67213114754098,29.508196721311474,0.819672131147541,0.0,91
23,fg = 3,bg != 060,699,72.38912732474964,27.32474964234621,0.0,0.2861230329041488,554
24,fg = 3,bg != 061,108,65.74074074074075,34.25925925925926,0.0,0.0,82
25,fg = 3,bg != 062,125,83.2,16.0,0.0,0.8,104
26,fg = 3,bg != 066,699,72.38912732474964,27.32474964234621,0.0,0.2861230329041488,554
27,fg = 3,bg != 067,109,66.97247706422019,32.11009174311926,0.0,0.9174311926605505,84
28,fg = 3,bg != 068,132,72.72727272727273,27.272727272727273,0.0,0.0,106
29,fg = 3,bg != 069,103,71.84466019417475,28.155339805825243,0.0,0.0,76
30,fg = 3,bg != 070,648,68.98148148148148,30.246913580246915,0.30864197530864196,0.46296296296296297,498
31,fg = 3,bg != 071,110,66.36363636363636,31.818181818181817,0.9090909090909091,0.9090909090909091,83
32,fg = 3,bg != 072,110,71.81818181818181,28.181818181818183,0.0,0.0,83
33,fg = 3,bg != 076,109,66.97247706422019,32.11009174311926,0.0,0.9174311926605505,84
34,fg = 3,bg != 077,648,68.98148148148148,30.246913580246915,0.30864197530864196,0.46296296296296297,498
35,fg = 3,bg != 078,98,69.38775510204081,28.571428571428573,1.0204081632653061,1.0204081632653061,80
36,fg = 3,bg != 079,116,65.51724137931035,33.62068965517241,0.0,0.8620689655172413,86
37,fg = 3,bg != 080,676,68.34319526627219,30.473372781065088,0.14792899408284024,1.0355029585798816,528
38,fg = 3,bg != 081,125,64.0,35.2,0.0,0.8,91
39,fg = 3,bg != 082,131,72.51908396946565,26.717557251908396,0.0,0.7633587786259542,109
40,fg = 3,bg != 086,132,72.72727272727273,27.272727272727273,0.0,0.0,106
41,fg = 3,bg != 087,98,69.38775510204081,28.571428571428573,1.0204081632653061,1.0204081632653061,80
42,fg = 3,bg != 088,676,68.34319526627219,30.473372781065088,0.14792899408284024,1.0355029585798816,528
43,fg = 3,bg != 089,106,60.37735849056604,36.79245283018868,0.0,2.830188679245283,81
44,fg = 3,bg != 090,659,67.07132018209408,31.71471927162367,0.15174506828528073,1.062215477996965,499
45,fg = 3,bg != 091,135,64.44444444444444,34.074074074074076,0.0,1.4814814814814814,106
46,fg = 3,bg != 092,122,69.67213114754098,29.508196721311474,0.819672131147541,0.0,91
47,fg = 3,bg != 096,103,71.84466019417475,28.155339805825243,0.0,0.0,76
48,fg = 3,bg != 097,116,65.51724137931035,33.62068965517241,0.0,0.8620689655172413,86
49,fg = 3,bg != 098,106,60.37735849056604,36.79245283018868,0.0,2.830188679245283,81
50,fg = 3,bg != 099,659,67.07132018209408,31.71471927162367,0.15174506828528073,1.062215477996965,499
51,fg = 3,bg != 100,695,66.0431654676259,32.805755395683455,0.14388489208633093,1.0071942446043165,526
52,fg = 3,bg != 101,695,66.0431654676259,32.805755395683455,0.14388489208633093,1.0071942446043165,526
53,fg = 3,bg != 102,103,64.07766990291262,33.980582524271846,0.0,1.941747572815534,75
54,fg = 3,bg != 106,108,65.74074074074075,34.25925925925926,0.0,0.0,82
55,fg = 3,bg != 107,110,66.36363636363636,31.818181818181817,0.9090909090909091,0.9090909090909091,83
56,fg = 3,bg != 108,125,64.0,35.2,0.0,0.8,91
57,fg = 3,bg != 109,135,64.44444444444444,34.074074074074076,0.0,1.4814814814814814,106
58,fg = 3,bg != 110,695,66.0431654676259,32.805755395683455,0.14388489208633093,1.0071942446043165,526
59,fg = 3,bg != 111,3007,68.93914200199535,30.229464582640507,0.13302294645826404,0.6983704689058863,2322
60,fg = 3,bg != 112,701,73.32382310984308,25.534950071326676,0.42796005706134094,0.7132667617689016,552
61,fg = 3,bg != 116,691,69.17510853835022,30.53545586107091,0.0,0.2894356005788712,519
62,fg = 3,bg != 117,669,69.80568011958147,29.29745889387145,0.29895366218236175,0.5979073243647235,517
63,fg = 3,bg != 118,706,68.27195467422096,30.878186968838527,0.0,0.8498583569405099,542
64,fg = 3,bg != 119,725,66.62068965517241,32.41379310344828,0.13793103448275862,0.8275862068965517,564
65,fg = 3,bg != 120,103,64.07766990291262,33.980582524271846,0.0,1.941747572815534,75
66,fg = 3,bg != 121,701,73.32382310984308,25.534950071326676,0.42796005706134094,0.7132667617689016,552
67,fg = 3,bg != 122,701,73.32382310984308,25.534950071326676,0.42796005706134094,0.7132667617689016,552
68,fg = 3,bg != 126,120,75.0,25.0,0.0,0.0,90
69,fg = 3,bg != 127,110,70.9090909090909,27.272727272727273,0.9090909090909091,0.9090909090909091,83
70,fg = 3,bg != 128,131,74.04580152671755,25.19083969465649,0.0,0.7633587786259542,101
71,fg = 3,bg != 129,124,67.74193548387096,31.451612903225808,0.8064516129032258,0.0,103
72,fg = 3,bg != 160,108,65.74074074074075,34.25925925925926,0.0,0.0,82
73,fg = 3,bg != 161,691,69.17510853835022,30.53545586107091,0.0,0.2894356005788712,519
74,fg = 3,bg != 162,120,75.0,25.0,0.0,0.0,90
75,fg = 3,bg != 166,691,69.17510853835022,30.53545586107091,0.0,0.2894356005788712,519
76,fg = 3,bg != 167,116,67.24137931034483,31.896551724137932,0.0,0.8620689655172413,85
77,fg = 3,bg != 168,117,71.7948717948718,28.205128205128204,0.0,0.0,89
78,fg = 3,bg != 169,117,64.1025641025641,35.8974358974359,0.0,0.0,87
79,fg = 3,bg != 170,110,66.36363636363636,31.818181818181817,0.9090909090909091,0.9090909090909091,83
80,fg = 3,bg != 171,669,69.80568011958147,29.29745889387145,0.29895366218236175,0.5979073243647235,517
81,fg = 3,bg != 172,110,70.9090909090909,27.272727272727273,0.9090909090909091,0.9090909090909091,83
82,fg = 3,bg != 176,116,67.24137931034483,31.896551724137932,0.0,0.8620689655172413,85
83,fg = 3,bg != 177,669,69.80568011958147,29.29745889387145,0.29895366218236175,0.5979073243647235,517
84,fg = 3,bg != 178,123,73.17073170731707,26.016260162601625,0.0,0.8130081300813008,97
85,fg = 3,bg != 179,117,70.94017094017094,29.05982905982906,0.0,0.0,96
86,fg = 3,bg != 180,125,64.0,35.2,0.0,0.8,91
87,fg = 3,bg != 181,706,68.27195467422096,30.878186968838527,0.0,0.8498583569405099,542
88,fg = 3,bg != 182,131,74.04580152671755,25.19083969465649,0.0,0.7633587786259542,101
89,fg = 3,bg != 186,117,71.7948717948718,28.205128205128204,0.0,0.0,89
90,fg = 3,bg != 187,123,73.17073170731707,26.016260162601625,0.0,0.8130081300813008,97
91,fg = 3,bg != 188,706,68.27195467422096,30.878186968838527,0.0,0.8498583569405099,542
92,fg = 3,bg != 189,117,62.39316239316239,35.8974358974359,0.0,1.7094017094017093,91
93,fg = 3,bg != 190,135,64.44444444444444,34.074074074074076,0.0,1.4814814814814814,106
94,fg = 3,bg != 191,725,66.62068965517241,32.41379310344828,0.13793103448275862,0.8275862068965517,564
95,fg = 3,bg != 192,124,67.74193548387096,31.451612903225808,0.8064516129032258,0.0,103
96,fg = 3,bg != 196,117,64.1025641025641,35.8974358974359,0.0,0.0,87
97,fg = 3,bg != 197,117,70.94017094017094,29.05982905982906,0.0,0.0,96
98,fg = 3,bg != 198,117,62.39316239316239,35.8974358974359,0.0,1.7094017094017093,91
99,fg = 3,bg != 199,725,66.62068965517241,32.41379310344828,0.13793103448275862,0.8275862068965517,564
100,fg = 3,bg != 200,689,72.5689404934688,26.560232220609578,0.14513788098693758,0.7256894049346879,538
101,fg = 3,bg != 201,103,64.07766990291262,33.980582524271846,0.0,1.941747572815534,75
102,fg = 3,bg != 202,689,72.5689404934688,26.560232220609578,0.14513788098693758,0.7256894049346879,538
103,fg = 3,bg != 206,125,83.2,16.0,0.0,0.8,104
104,fg = 3,bg != 207,110,71.81818181818181,28.181818181818183,0.0,0.0,83
105,fg = 3,bg != 208,131,72.51908396946565,26.717557251908396,0.0,0.7633587786259542,109
106,fg = 3,bg != 209,122,69.67213114754098,29.508196721311474,0.819672131147541,0.0,91
107,fg = 3,bg != 210,103,64.07766990291262,33.980582524271846,0.0,1.941747572815534,75
108,fg = 3,bg != 211,701,73.32382310984308,25.534950071326676,0.42796005706134094,0.7132667617689016,552
109,fg = 3,bg != 212,701,73.32382310984308,25.534950071326676,0.42796005706134094,0.7132667617689016,552
110,fg = 3,bg != 216,120,75.0,25.0,0.0,0.0,90
111,fg = 3,bg != 217,110,70.9090909090909,27.272727272727273,0.9090909090909091,0.9090909090909091,83
112,fg = 3,bg != 218,131,74.04580152671755,25.19083969465649,0.0,0.7633587786259542,101
113,fg = 3,bg != 219,124,67.74193548387096,31.451612903225808,0.8064516129032258,0.0,103
114,fg = 3,bg != 220,689,72.5689404934688,26.560232220609578,0.14513788098693758,0.7256894049346879,538
115,fg = 3,bg != 221,701,73.32382310984308,25.534950071326676,0.42796005706134094,0.7132667617689016,552
116,fg = 3,bg != 222,3004,74.6005326231691,24.567243675099867,0.23302263648468707,0.5992010652463382,2331
117,fg = 3,bg != 226,684,76.46198830409357,22.660818713450293,0.29239766081871343,0.5847953216374269,528
118,fg = 3,bg != 227,685,76.35036496350365,23.21167883211679,0.145985401459854,0.291970802919708,518
119,fg = 3,bg != 228,728,72.66483516483517,26.51098901098901,0.13736263736263737,0.6868131868131868,567
120,fg = 3,bg != 229,737,76.79782903663501,22.388059701492537,0.27137042062415195,0.5427408412483039,595
121,fg = 3,bg != 260,125,83.2,16.0,0.0,0.8,104
122,fg = 3,bg != 261,120,75.0,25.0,0.0,0.0,90
123,fg = 3,bg != 262,684,76.46198830409357,22.660818713450293,0.29239766081871343,0.5847953216374269,528
124,fg = 3,bg != 266,684,76.46198830409357,22.660818713450293,0.29239766081871343,0.5847953216374269,528
125,fg = 3,bg != 267,103,79.6116504854369,20.388349514563107,0.0,0.0,83
126,fg = 3,bg != 268,121,75.20661157024793,23.96694214876033,0.0,0.8264462809917356,97
127,fg = 3,bg != 269,111,81.98198198198199,18.01801801801802,0.0,0.0,92
128,fg = 3,bg != 270,110,71.81818181818181,28.181818181818183,0.0,0.0,83
129,fg = 3,bg != 271,110,70.9090909090909,27.272727272727273,0.9090909090909091,0.9090909090909091,83
130,fg = 3,bg != 272,685,76.35036496350365,23.21167883211679,0.145985401459854,0.291970802919708,518
131,fg = 3,bg != 276,103,79.6116504854369,20.388349514563107,0.0,0.0,83
132,fg = 3,bg != 277,685,76.35036496350365,23.21167883211679,0.145985401459854,0.291970802919708,518
133,fg = 3,bg != 278,127,71.65354330708661,28.346456692913385,0.0,0.0,90
134,fg = 3,bg != 279,113,86.72566371681415,12.389380530973451,0.0,0.8849557522123894,96
135,fg = 3,bg != 280,131,72.51908396946565,26.717557251908396,0.0,0.7633587786259542,109
136,fg = 3,bg != 281,131,74.04580152671755,25.19083969465649,0.0,0.7633587786259542,101
137,fg = 3,bg != 282,728,72.66483516483517,26.51098901098901,0.13736263736263737,0.6868131868131868,567
138,fg = 3,bg != 286,121,75.20661157024793,23.96694214876033,0.0,0.8264462809917356,97
139,fg = 3,bg != 287,127,71.65354330708661,28.346456692913385,0.0,0.0,90
140,fg = 3,bg != 288,728,72.66483516483517,26.51098901098901,0.13736263736263737,0.6868131868131868,567
141,fg = 3,bg != 289,132,72.72727272727273,26.515151515151516,0.0,0.7575757575757576,111
142,fg = 3,bg != 290,122,69.67213114754098,29.508196721311474,0.819672131147541,0.0,91
143,fg = 3,bg != 291,124,67.74193548387096,31.451612903225808,0.8064516129032258,0.0,103
144,fg = 3,bg != 292,737,76.79782903663501,22.388059701492537,0.27137042062415195,0.5427408412483039,595
145,fg = 3,bg != 296,111,81.98198198198199,18.01801801801802,0.0,0.0,92
146,fg = 3,bg != 297,113,86.72566371681415,12.389380530973451,0.0,0.8849557522123894,96
147,fg = 3,bg != 298,132,72.72727272727273,26.515151515151516,0.0,0.7575757575757576,111
148,fg = 3,bg != 299,737,76.79782903663501,22.388059701492537,0.27137042062415195,0.5427408412483039,595
149,fg = 3,bg != 600,699,72.38912732474964,27.32474964234621,0.0,0.2861230329041488,554
150,fg = 3,bg != 601,108,65.74074074074075,34.25925925925926,0.0,0.0,82
151,fg = 3,bg != 602,125,83.2,16.0,0.0,0.8,104
152,fg = 3,bg != 606,699,72.38912732474964,27.32474964234621,0.0,0.2861230329041488,554
153,fg = 3,bg != 607,109,66.97247706422019,32.11009174311926,0.0,0.9174311926605505,84
154,fg = 3,bg != 608,132,72.72727272727273,27.272727272727273,0.0,0.0,106
155,fg = 3,bg != 609,103,71.84466019417475,28.155339805825243,0.0,0.0,76
156,fg = 3,bg != 610,108,65.74074074074075,34.25925925925926,0.0,0.0,82
157,fg = 3,bg != 611,691,69.17510853835022,30.53545586107091,0.0,0.2894356005788712,519
158,fg = 3,bg != 612,120,75.0,25.0,0.0,0.0,90
159,fg = 3,bg != 616,691,69.17510853835022,30.53545586107091,0.0,0.2894356005788712,519
160,fg = 3,bg != 617,116,67.24137931034483,31.896551724137932,0.0,0.8620689655172413,85
161,fg = 3,bg != 618,117,71.7948717948718,28.205128205128204,0.0,0.0,89
162,fg = 3,bg != 619,117,64.1025641025641,35.8974358974359,0.0,0.0,87
163,fg = 3,bg != 620,125,83.2,16.0,0.0,0.8,104
164,fg = 3,bg != 621,120,75.0,25.0,0.0,0.0,90
165,fg = 3,bg != 622,684,76.46198830409357,22.660818713450293,0.29239766081871343,0.5847953216374269,528
166,fg = 3,bg != 626,684,76.46198830409357,22.660818713450293,0.29239766081871343,0.5847953216374269,528
167,fg = 3,bg != 627,103,79.6116504854369,20.388349514563107,0.0,0.0,83
168,fg = 3,bg != 628,121,75.20661157024793,23.96694214876033,0.0,0.8264462809917356,97
169,fg = 3,bg != 629,111,81.98198198198199,18.01801801801802,0.0,0.0,92
170,fg = 3,bg != 660,699,72.38912732474964,27.32474964234621,0.0,0.2861230329041488,554
171,fg = 3,bg != 661,691,69.17510853835022,30.53545586107091,0.0,0.2894356005788712,519
172,fg = 3,bg != 662,684,76.46198830409357,22.660818713450293,0.29239766081871343,0.5847953216374269,528
173,fg = 3,bg != 666,2926,72.31715652768284,27.1701982228298,0.0683526999316473,0.44429254955570746,2282
174,fg = 3,bg != 667,680,72.3529411764706,27.058823529411764,0.0,0.5882352941176471,531
175,fg = 3,bg != 668,681,72.83406754772393,26.72540381791483,0.0,0.44052863436123346,543
176,fg = 3,bg != 669,670,71.04477611940298,28.80597014925373,0.0,0.14925373134328357,518
177,fg = 3,bg != 670,109,66.97247706422019,32.11009174311926,0.0,0.9174311926605505,84
178,fg = 3,bg != 671,116,67.24137931034483,31.896551724137932,0.0,0.8620689655172413,85
179,fg = 3,bg != 672,103,79.6116504854369,20.388349514563107,0.0,0.0,83
180,fg = 3,bg != 676,680,72.3529411764706,27.058823529411764,0.0,0.5882352941176471,531
181,fg = 3,bg != 677,680,72.3529411764706,27.058823529411764,0.0,0.5882352941176471,531
182,fg = 3,bg != 678,124,68.54838709677419,30.64516129032258,0.0,0.8064516129032258,97
183,fg = 3,bg != 679,121,76.85950413223141,23.140495867768596,0.0,0.0,95
184,fg = 3,bg != 680,132,72.72727272727273,27.272727272727273,0.0,0.0,106
185,fg = 3,bg != 681,117,71.7948717948718,28.205128205128204,0.0,0.0,89
186,fg = 3,bg != 682,121,75.20661157024793,23.96694214876033,0.0,0.8264462809917356,97
187,fg = 3,bg != 686,681,72.83406754772393,26.72540381791483,0.0,0.44052863436123346,543
188,fg = 3,bg != 687,124,68.54838709677419,30.64516129032258,0.0,0.8064516129032258,97
189,fg = 3,bg != 688,681,72.83406754772393,26.72540381791483,0.0,0.44052863436123346,543
190,fg = 3,bg != 689,113,76.99115044247787,22.123893805309734,0.0,0.8849557522123894,94
191,fg = 3,bg != 690,103,71.84466019417475,28.155339805825243,0.0,0.0,76
192,fg = 3,bg != 691,117,64.1025641025641,35.8974358974359,0.0,0.0,87
193,fg = 3,bg != 692,111,81.98198198198199,18.01801801801802,0.0,0.0,92
194,fg = 3,bg != 696,670,71.04477611940298,28.80597014925373,0.0,0.14925373134328357,518
195,fg = 3,bg != 697,121,76.85950413223141,23.140495867768596,0.0,0.0,95
196,fg = 3,bg != 698,113,76.99115044247787,22.123893805309734,0.0,0.8849557522123894,94
197,fg = 3,bg != 699,670,71.04477611940298,28.80597014925373,0.0,0.14925373134328357,518
198,fg = 3,bg != 700,648,68.98148148148148,30.246913580246915,0.30864197530864196,0.46296296296296297,498
199,fg = 3,bg != 701,110,66.36363636363636,31.818181818181817,0.9090909090909091,0.9090909090909091,83
200,fg = 3,bg != 702,110,71.81818181818181,28.181818181818183,0.0,0.0,83
201,fg = 3,bg != 706,109,66.97247706422019,32.11009174311926,0.0,0.9174311926605505,84
202,fg = 3,bg != 707,648,68.98148148148148,30.246913580246915,0.30864197530864196,0.46296296296296297,498
203,fg = 3,bg != 708,98,69.38775510204081,28.571428571428573,1.0204081632653061,1.0204081632653061,80
204,fg = 3,bg != 709,116,65.51724137931035,33.62068965517241,0.0,0.8620689655172413,86
205,fg = 3,bg != 710,110,66.36363636363636,31.818181818181817,0.9090909090909091,0.9090909090909091,83
206,fg = 3,bg != 711,669,69.80568011958147,29.29745889387145,0.29895366218236175,0.5979073243647235,517
207,fg = 3,bg != 712,110,70.9090909090909,27.272727272727273,0.9090909090909091,0.9090909090909091,83
208,fg = 3,bg != 716,116,67.24137931034483,31.896551724137932,0.0,0.8620689655172413,85
209,fg = 3,bg != 717,669,69.80568011958147,29.29745889387145,0.29895366218236175,0.5979073243647235,517
210,fg = 3,bg != 718,123,73.17073170731707,26.016260162601625,0.0,0.8130081300813008,97
211,fg = 3,bg != 719,117,70.94017094017094,29.05982905982906,0.0,0.0,96
212,fg = 3,bg != 720,110,71.81818181818181,28.181818181818183,0.0,0.0,83
213,fg = 3,bg != 721,110,70.9090909090909,27.272727272727273,0.9090909090909091,0.9090909090909091,83
214,fg = 3,bg != 722,685,76.35036496350365,23.21167883211679,0.145985401459854,0.291970802919708,518
215,fg = 3,bg != 726,103,79.6116504854369,20.388349514563107,0.0,0.0,83
216,fg = 3,bg != 727,685,76.35036496350365,23.21167883211679,0.145985401459854,0.291970802919708,518
217,fg = 3,bg != 728,127,71.65354330708661,28.346456692913385,0.0,0.0,90
218,fg = 3,bg != 729,113,86.72566371681415,12.389380530973451,0.0,0.8849557522123894,96
219,fg = 3,bg != 760,109,66.97247706422019,32.11009174311926,0.0,0.9174311926605505,84
220,fg = 3,bg != 761,116,67.24137931034483,31.896551724137932,0.0,0.8620689655172413,85
221,fg = 3,bg != 762,103,79.6116504854369,20.388349514563107,0.0,0.0,83
222,fg = 3,bg != 766,680,72.3529411764706,27.058823529411764,0.0,0.5882352941176471,531
223,fg = 3,bg != 767,680,72.3529411764706,27.058823529411764,0.0,0.5882352941176471,531
224,fg = 3,bg != 768,124,68.54838709677419,30.64516129032258,0.0,0.8064516129032258,97
225,fg = 3,bg != 769,121,76.85950413223141,23.140495867768596,0.0,0.0,95
226,fg = 3,bg != 770,648,68.98148148148148,30.246913580246915,0.30864197530864196,0.46296296296296297,498
227,fg = 3,bg != 771,669,69.80568011958147,29.29745889387145,0.29895366218236175,0.5979073243647235,517
228,fg = 3,bg != 772,685,76.35036496350365,23.21167883211679,0.145985401459854,0.291970802919708,518
229,fg = 3,bg != 776,680,72.3529411764706,27.058823529411764,0.0,0.5882352941176471,531
230,fg = 3,bg != 777,2848,70.96207865168539,28.546348314606742,0.10533707865168539,0.3862359550561798,2211
231,fg = 3,bg != 778,668,67.06586826347305,32.33532934131737,0.1497005988023952,0.4491017964071856,518
232,fg = 3,bg != 779,664,73.49397590361446,26.05421686746988,0.0,0.45180722891566266,538
233,fg = 3,bg != 780,98,69.38775510204081,28.571428571428573,1.0204081632653061,1.0204081632653061,80
234,fg = 3,bg != 781,123,73.17073170731707,26.016260162601625,0.0,0.8130081300813008,97
235,fg = 3,bg != 782,127,71.65354330708661,28.346456692913385,0.0,0.0,90
236,fg = 3,bg != 786,124,68.54838709677419,30.64516129032258,0.0,0.8064516129032258,97
237,fg = 3,bg != 787,668,67.06586826347305,32.33532934131737,0.1497005988023952,0.4491017964071856,518
238,fg = 3,bg != 788,668,67.06586826347305,32.33532934131737,0.1497005988023952,0.4491017964071856,518
239,fg = 3,bg != 789,99,71.71717171717172,28.282828282828284,0.0,0.0,85
240,fg = 3,bg != 790,116,65.51724137931035,33.62068965517241,0.0,0.8620689655172413,86
241,fg = 3,bg != 791,117,70.94017094017094,29.05982905982906,0.0,0.0,96
242,fg = 3,bg != 792,113,86.72566371681415,12.389380530973451,0.0,0.8849557522123894,96
243,fg = 3,bg != 796,121,76.85950413223141,23.140495867768596,0.0,0.0,95
244,fg = 3,bg != 797,664,73.49397590361446,26.05421686746988,0.0,0.45180722891566266,538
245,fg = 3,bg != 798,99,71.71717171717172,28.282828282828284,0.0,0.0,85
246,fg = 3,bg != 799,664,73.49397590361446,26.05421686746988,0.0,0.45180722891566266,538
247,fg = 3,bg != 800,676,68.34319526627219,30.473372781065088,0.14792899408284024,1.0355029585798816,528
248,fg = 3,bg != 801,125,64.0,35.2,0.0,0.8,91
249,fg = 3,bg != 802,131,72.51908396946565,26.717557251908396,0.0,0.7633587786259542,109
250,fg = 3,bg != 806,132,72.72727272727273,27.272727272727273,0.0,0.0,106
251,fg = 3,bg != 807,98,69.38775510204081,28.571428571428573,1.0204081632653061,1.0204081632653061,80
252,fg = 3,bg != 808,676,68.34319526627219,30.473372781065088,0.14792899408284024,1.0355029585798816,528
253,fg = 3,bg != 809,106,60.37735849056604,36.79245283018868,0.0,2.830188679245283,81
254,fg = 3,bg != 810,125,64.0,35.2,0.0,0.8,91
255,fg = 3,bg != 811,706,68.27195467422096,30.878186968838527,0.0,0.8498583569405099,542
256,fg = 3,bg != 812,131,74.04580152671755,25.19083969465649,0.0,0.7633587786259542,101
257,fg = 3,bg != 816,117,71.7948717948718,28.205128205128204,0.0,0.0,89
258,fg = 3,bg != 817,123,73.17073170731707,26.016260162601625,0.0,0.8130081300813008,97
259,fg = 3,bg != 818,706,68.27195467422096,30.878186968838527,0.0,0.8498583569405099,542
260,fg = 3,bg != 819,117,62.39316239316239,35.8974358974359,0.0,1.7094017094017093,91
261,fg = 3,bg != 820,131,72.51908396946565,26.717557251908396,0.0,0.7633587786259542,109
262,fg = 3,bg != 821,131,74.04580152671755,25.19083969465649,0.0,0.7633587786259542,101
263,fg = 3,bg != 822,728,72.66483516483517,26.51098901098901,0.13736263736263737,0.6868131868131868,567
264,fg = 3,bg != 826,121,75.20661157024793,23.96694214876033,0.0,0.8264462809917356,97
265,fg = 3,bg != 827,127,71.65354330708661,28.346456692913385,0.0,0.0,90
266,fg = 3,bg != 828,728,72.66483516483517,26.51098901098901,0.13736263736263737,0.6868131868131868,567
267,fg = 3,bg != 829,132,72.72727272727273,26.515151515151516,0.0,0.7575757575757576,111
268,fg = 3,bg != 860,132,72.72727272727273,27.272727272727273,0.0,0.0,106
269,fg = 3,bg != 861,117,71.7948717948718,28.205128205128204,0.0,0.0,89
270,fg = 3,bg != 862,121,75.20661157024793,23.96694214876033,0.0,0.8264462809917356,97
271,fg = 3,bg != 866,681,72.83406754772393,26.72540381791483,0.0,0.44052863436123346,543
272,fg = 3,bg != 867,124,68.54838709677419,30.64516129032258,0.0,0.8064516129032258,97
273,fg = 3,bg != 868,681,72.83406754772393,26.72540381791483,0.0,0.44052863436123346,543
274,fg = 3,bg != 869,113,76.99115044247787,22.123893805309734,0.0,0.8849557522123894,94
275,fg = 3,bg != 870,98,69.38775510204081,28.571428571428573,1.0204081632653061,1.0204081632653061,80
276,fg = 3,bg != 871,123,73.17073170731707,26.016260162601625,0.0,0.8130081300813008,97
277,fg = 3,bg != 872,127,71.65354330708661,28.346456692913385,0.0,0.0,90
278,fg = 3,bg != 876,124,68.54838709677419,30.64516129032258,0.0,0.8064516129032258,97
279,fg = 3,bg != 877,668,67.06586826347305,32.33532934131737,0.1497005988023952,0.4491017964071856,518
280,fg = 3,bg != 878,668,67.06586826347305,32.33532934131737,0.1497005988023952,0.4491017964071856,518
281,fg = 3,bg != 879,99,71.71717171717172,28.282828282828284,0.0,0.0,85
282,fg = 3,bg != 880,676,68.34319526627219,30.473372781065088,0.14792899408284024,1.0355029585798816,528
283,fg = 3,bg != 881,706,68.27195467422096,30.878186968838527,0.0,0.8498583569405099,542
284,fg = 3,bg != 882,728,72.66483516483517,26.51098901098901,0.13736263736263737,0.6868131868131868,567
285,fg = 3,bg != 886,681,72.83406754772393,26.72540381791483,0.0,0.44052863436123346,543
286,fg = 3,bg != 887,668,67.06586826347305,32.33532934131737,0.1497005988023952,0.4491017964071856,518
287,fg = 3,bg != 888,2906,69.4769442532691,29.62835512732278,0.06882312456985547,0.8258774948382657,2269
288,fg = 3,bg != 889,653,69.67840735068913,28.79019908116386,0.0,1.5313935681470139,524
289,fg = 3,bg != 890,106,60.37735849056604,36.79245283018868,0.0,2.830188679245283,81
290,fg = 3,bg != 891,117,62.39316239316239,35.8974358974359,0.0,1.7094017094017093,91
291,fg = 3,bg != 892,132,72.72727272727273,26.515151515151516,0.0,0.7575757575757576,111
292,fg = 3,bg != 896,113,76.99115044247787,22.123893805309734,0.0,0.8849557522123894,94
293,fg = 3,bg != 897,99,71.71717171717172,28.282828282828284,0.0,0.0,85
294,fg = 3,bg != 898,653,69.67840735068913,28.79019908116386,0.0,1.5313935681470139,524
295,fg = 3,bg != 899,653,69.67840735068913,28.79019908116386,0.0,1.5313935681470139,524
296,fg = 3,bg != 900,659,67.07132018209408,31.71471927162367,0.15174506828528073,1.062215477996965,499
297,fg = 3,bg != 901,135,64.44444444444444,34.074074074074076,0.0,1.4814814814814814,106
298,fg = 3,bg != 902,122,69.67213114754098,29.508196721311474,0.819672131147541,0.0,91
299,fg = 3,bg != 906,103,71.84466019417475,28.155339805825243,0.0,0.0,76
300,fg = 3,bg != 907,116,65.51724137931035,33.62068965517241,0.0,0.8620689655172413,86
301,fg = 3,bg != 908,106,60.37735849056604,36.79245283018868,0.0,2.830188679245283,81
302,fg = 3,bg != 909,659,67.07132018209408,31.71471927162367,0.15174506828528073,1.062215477996965,499
303,fg = 3,bg != 910,135,64.44444444444444,34.074074074074076,0.0,1.4814814814814814,106
304,fg = 3,bg != 911,725,66.62068965517241,32.41379310344828,0.13793103448275862,0.8275862068965517,564
305,fg = 3,bg != 912,124,67.74193548387096,31.451612903225808,0.8064516129032258,0.0,103
306,fg = 3,bg != 916,117,64.1025641025641,35.8974358974359,0.0,0.0,87
307,fg = 3,bg != 917,117,70.94017094017094,29.05982905982906,0.0,0.0,96
308,fg = 3,bg != 918,117,62.39316239316239,35.8974358974359,0.0,1.7094017094017093,91
309,fg = 3,bg != 919,725,66.62068965517241,32.41379310344828,0.13793103448275862,0.8275862068965517,564
310,fg = 3,bg != 920,122,69.67213114754098,29.508196721311474,0.819672131147541,0.0,91
311,fg = 3,bg != 921,124,67.74193548387096,31.451612903225808,0.8064516129032258,0.0,103
312,fg = 3,bg != 922,737,76.79782903663501,22.388059701492537,0.27137042062415195,0.5427408412483039,595
313,fg = 3,bg != 926,111,81.98198198198199,18.01801801801802,0.0,0.0,92
314,fg = 3,bg != 927,113,86.72566371681415,12.389380530973451,0.0,0.8849557522123894,96
315,fg = 3,bg != 928,132,72.72727272727273,26.515151515151516,0.0,0.7575757575757576,111
316,fg = 3,bg != 929,737,76.79782903663501,22.388059701492537,0.27137042062415195,0.5427408412483039,595
317,fg = 3,bg != 960,103,71.84466019417475,28.155339805825243,0.0,0.0,76
318,fg = 3,bg != 961,117,64.1025641025641,35.8974358974359,0.0,0.0,87
319,fg = 3,bg != 962,111,81.98198198198199,18.01801801801802,0.0,0.0,92
320,fg = 3,bg != 966,670,71.04477611940298,28.80597014925373,0.0,0.14925373134328357,518
321,fg = 3,bg != 967,121,76.85950413223141,23.140495867768596,0.0,0.0,95
322,fg = 3,bg != 968,113,76.99115044247787,22.123893805309734,0.0,0.8849557522123894,94
323,fg = 3,bg != 969,670,71.04477611940298,28.80597014925373,0.0,0.14925373134328357,518
324,fg = 3,bg != 970,116,65.51724137931035,33.62068965517241,0.0,0.8620689655172413,86
325,fg = 3,bg != 971,117,70.94017094017094,29.05982905982906,0.0,0.0,96
326,fg = 3,bg != 972,113,86.72566371681415,12.389380530973451,0.0,0.8849557522123894,96
327,fg = 3,bg != 976,121,76.85950413223141,23.140495867768596,0.0,0.0,95
328,fg = 3,bg != 977,664,73.49397590361446,26.05421686746988,0.0,0.45180722891566266,538
329,fg = 3,bg != 978,99,71.71717171717172,28.282828282828284,0.0,0.0,85
330,fg = 3,bg != 979,664,73.49397590361446,26.05421686746988,0.0,0.45180722891566266,538
331,fg = 3,bg != 980,106,60.37735849056604,36.79245283018868,0.0,2.830188679245283,81
332,fg = 3,bg != 981,117,62.39316239316239,35.8974358974359,0.0,1.7094017094017093,91
333,fg = 3,bg != 982,132,72.72727272727273,26.515151515151516,0.0,0.7575757575757576,111
334,fg = 3,bg != 986,113,76.99115044247787,22.123893805309734,0.0,0.8849557522123894,94
335,fg = 3,bg != 987,99,71.71717171717172,28.282828282828284,0.0,0.0,85
336,fg = 3,bg != 988,653,69.67840735068913,28.79019908116386,0.0,1.5313935681470139,524
337,fg = 3,bg != 989,653,69.67840735068913,28.79019908116386,0.0,1.5313935681470139,524
338,fg = 3,bg != 990,659,67.07132018209408,31.71471927162367,0.15174506828528073,1.062215477996965,499
339,fg = 3,bg != 991,725,66.62068965517241,32.41379310344828,0.13793103448275862,0.8275862068965517,564
340,fg = 3,bg != 992,737,76.79782903663501,22.388059701492537,0.27137042062415195,0.5427408412483039,595
341,fg = 3,bg != 996,670,71.04477611940298,28.80597014925373,0.0,0.14925373134328357,518
342,fg = 3,bg != 997,664,73.49397590361446,26.05421686746988,0.0,0.45180722891566266,538
343,fg = 3,bg != 998,653,69.67840735068913,28.79019908116386,0.0,1.5313935681470139,524
344,fg = 3,bg != 999,2930,70.75085324232082,28.395904436860068,0.10238907849829351,0.7508532423208191,2305
345,fg = 4,bg != 000,2946,60.55668703326545,37.81398506449423,0.27155465037338766,1.3577732518669383,1995
346,fg = 4,bg != 001,708,57.20338983050848,40.96045197740113,0.2824858757062147,1.5536723163841808,474
347,fg = 4,bg != 002,704,67.32954545454545,30.96590909090909,0.14204545454545456,1.5625,484
348,fg = 4,bg != 006,685,65.4014598540146,33.57664233576642,0.43795620437956206,0.583941605839416,469
349,fg = 4,bg != 007,670,61.19402985074627,36.26865671641791,0.0,2.537313432835821,473
350,fg = 4,bg != 008,637,58.084772370486654,40.50235478806908,0.15698587127158556,1.2558869701726845,410
351,fg = 4,bg != 009,664,54.66867469879518,43.22289156626506,0.30120481927710846,1.8072289156626506,433
352,fg = 4,bg != 010,708,57.20338983050848,40.96045197740113,0.2824858757062147,1.5536723163841808,474
353,fg = 4,bg != 011,708,57.20338983050848,40.96045197740113,0.2824858757062147,1.5536723163841808,474
354,fg = 4,bg != 012,132,66.66666666666667,29.545454545454547,0.0,3.787878787878788,88
355,fg = 4,bg != 016,131,64.12213740458016,35.11450381679389,0.0,0.7633587786259542,99
356,fg = 4,bg != 017,105,55.23809523809524,40.95238095238095,0.0,3.8095238095238093,80
357,fg = 4,bg != 018,111,59.45945945945946,36.93693693693694,0.9009009009009009,2.7027027027027026,71
358,fg = 4,bg != 019,126,51.58730158730159,46.82539682539682,0.0,1.5873015873015872,82
359,fg = 4,bg != 020,704,67.32954545454545,30.96590909090909,0.14204545454545456,1.5625,484
360,fg = 4,bg != 021,132,66.66666666666667,29.545454545454547,0.0,3.787878787878788,88
361,fg = 4,bg != 022,704,67.32954545454545,30.96590909090909,0.14204545454545456,1.5625,484
362,fg = 4,bg != 026,101,73.26732673267327,26.73267326732673,0.0,0.0,70
363,fg = 4,bg != 027,123,72.35772357723577,25.203252032520325,0.0,2.4390243902439024,94
364,fg = 4,bg != 028,116,65.51724137931035,33.62068965517241,0.0,0.8620689655172413,75
365,fg = 4,bg != 029,124,61.29032258064516,37.096774193548384,0.8064516129032258,0.8064516129032258,85
366,fg = 4,bg != 060,685,65.4014598540146,33.57664233576642,0.43795620437956206,0.583941605839416,469
367,fg = 4,bg != 061,131,64.12213740458016,35.11450381679389,0.0,0.7633587786259542,99
368,fg = 4,bg != 062,101,73.26732673267327,26.73267326732673,0.0,0.0,70
369,fg = 4,bg != 066,685,65.4014598540146,33.57664233576642,0.43795620437956206,0.583941605839416,469
370,fg = 4,bg != 067,114,70.17543859649123,28.07017543859649,0.0,1.7543859649122806,83
371,fg = 4,bg != 068,113,54.86725663716814,44.24778761061947,0.0,0.8849557522123894,65
372,fg = 4,bg != 069,116,62.93103448275862,36.206896551724135,0.0,0.8620689655172413,71
373,fg = 4,bg != 070,670,61.19402985074627,36.26865671641791,0.0,2.537313432835821,473
374,fg = 4,bg != 071,105,55.23809523809524,40.95238095238095,0.0,3.8095238095238093,80
375,fg = 4,bg != 072,123,72.35772357723577,25.203252032520325,0.0,2.4390243902439024,94
376,fg = 4,bg != 076,114,70.17543859649123,28.07017543859649,0.0,1.7543859649122806,83
377,fg = 4,bg != 077,670,61.19402985074627,36.26865671641791,0.0,2.537313432835821,473
378,fg = 4,bg != 078,101,58.415841584158414,40.59405940594059,0.0,0.9900990099009901,61
379,fg = 4,bg != 079,108,58.333333333333336,38.888888888888886,0.0,2.7777777777777777,78
380,fg = 4,bg != 080,637,58.084772370486654,40.50235478806908,0.15698587127158556,1.2558869701726845,410
381,fg = 4,bg != 081,111,59.45945945945946,36.93693693693694,0.9009009009009009,2.7027027027027026,71
382,fg = 4,bg != 082,116,65.51724137931035,33.62068965517241,0.0,0.8620689655172413,75
383,fg = 4,bg != 086,113,54.86725663716814,44.24778761061947,0.0,0.8849557522123894,65
384,fg = 4,bg != 087,101,58.415841584158414,40.59405940594059,0.0,0.9900990099009901,61
385,fg = 4,bg != 088,637,58.084772370486654,40.50235478806908,0.15698587127158556,1.2558869701726845,410
386,fg = 4,bg != 089,93,48.38709677419355,49.46236559139785,0.0,2.150537634408602,53
387,fg = 4,bg != 090,664,54.66867469879518,43.22289156626506,0.30120481927710846,1.8072289156626506,433
388,fg = 4,bg != 091,126,51.58730158730159,46.82539682539682,0.0,1.5873015873015872,82
389,fg = 4,bg != 092,124,61.29032258064516,37.096774193548384,0.8064516129032258,0.8064516129032258,85
390,fg = 4,bg != 096,116,62.93103448275862,36.206896551724135,0.0,0.8620689655172413,71
391,fg = 4,bg != 097,108,58.333333333333336,38.888888888888886,0.0,2.7777777777777777,78
392,fg = 4,bg != 098,93,48.38709677419355,49.46236559139785,0.0,2.150537634408602,53
393,fg = 4,bg != 099,664,54.66867469879518,43.22289156626506,0.30120481927710846,1.8072289156626506,433
394,fg = 4,bg != 100,708,57.20338983050848,40.96045197740113,0.2824858757062147,1.5536723163841808,474
395,fg = 4,bg != 101,708,57.20338983050848,40.96045197740113,0.2824858757062147,1.5536723163841808,474
396,fg = 4,bg != 102,132,66.66666666666667,29.545454545454547,0.0,3.787878787878788,88
397,fg = 4,bg != 106,131,64.12213740458016,35.11450381679389,0.0,0.7633587786259542,99
398,fg = 4,bg != 107,105,55.23809523809524,40.95238095238095,0.0,3.8095238095238093,80
399,fg = 4,bg != 108,111,59.45945945945946,36.93693693693694,0.9009009009009009,2.7027027027027026,71
400,fg = 4,bg != 109,126,51.58730158730159,46.82539682539682,0.0,1.5873015873015872,82
401,fg = 4,bg != 110,708,57.20338983050848,40.96045197740113,0.2824858757062147,1.5536723163841808,474
402,fg = 4,bg != 111,3013,60.43810155990707,38.23431795552605,0.1659475605708596,1.1616329239960173,2056
403,fg = 4,bg != 112,733,66.43929058663029,32.605729877216916,0.0,0.9549795361527967,488
404,fg = 4,bg != 116,704,62.35795454545455,36.50568181818182,0.2840909090909091,0.8522727272727273,490
405,fg = 4,bg != 117,649,62.249614791987675,35.901386748844374,0.15408320493066255,1.694915254237288,470
406,fg = 4,bg != 118,725,59.172413793103445,39.03448275862069,0.27586206896551724,1.5172413793103448,482
407,fg = 4,bg != 119,712,60.1123595505618,38.20224719101124,0.1404494382022472,1.5449438202247192,487
408,fg = 4,bg != 120,132,66.66666666666667,29.545454545454547,0.0,3.787878787878788,88
409,fg = 4,bg != 121,733,66.43929058663029,32.605729877216916,0.0,0.9549795361527967,488
410,fg = 4,bg != 122,733,66.43929058663029,32.605729877216916,0.0,0.9549795361527967,488
411,fg = 4,bg != 126,118,70.33898305084746,29.661016949152543,0.0,0.0,77
412,fg = 4,bg != 127,107,69.1588785046729,29.906542056074766,0.0,0.9345794392523364,81
413,fg = 4,bg != 128,138,58.69565217391305,39.85507246376812,0.0,1.4492753623188406,87
414,fg = 4,bg != 129,111,58.55855855855856,40.54054054054054,0.0,0.9009009009009009,71
415,fg = 4,bg != 160,131,64.12213740458016,35.11450381679389,0.0,0.7633587786259542,99
416,fg = 4,bg != 161,704,62.35795454545455,36.50568181818182,0.2840909090909091,0.8522727272727273,490
417,fg = 4,bg != 162,118,70.33898305084746,29.661016949152543,0.0,0.0,77
418,fg = 4,bg != 166,704,62.35795454545455,36.50568181818182,0.2840909090909091,0.8522727272727273,490
419,fg = 4,bg != 167,112,70.53571428571429,27.678571428571427,0.0,1.7857142857142858,83
420,fg = 4,bg != 168,125,57.6,42.4,0.0,0.0,84
421,fg = 4,bg != 169,115,62.608695652173914,35.65217391304348,0.8695652173913043,0.8695652173913043,77
422,fg = 4,bg != 170,105,55.23809523809524,40.95238095238095,0.0,3.8095238095238093,80
423,fg = 4,bg != 171,649,62.249614791987675,35.901386748844374,0.15408320493066255,1.694915254237288,470
424,fg = 4,bg != 172,107,69.1588785046729,29.906542056074766,0.0,0.9345794392523364,81
425,fg = 4,bg != 176,112,70.53571428571429,27.678571428571427,0.0,1.7857142857142858,83
426,fg = 4,bg != 177,649,62.249614791987675,35.901386748844374,0.15408320493066255,1.694915254237288,470
427,fg = 4,bg != 178,112,57.142857142857146,40.17857142857143,0.8928571428571429,1.7857142857142858,75
428,fg = 4,bg != 179,122,64.75409836065573,34.42622950819672,0.0,0.819672131147541,91
429,fg = 4,bg != 180,111,59.45945945945946,36.93693693693694,0.9009009009009009,2.7027027027027026,71
430,fg = 4,bg != 181,725,59.172413793103445,39.03448275862069,0.27586206896551724,1.5172413793103448,482
431,fg = 4,bg != 182,138,58.69565217391305,39.85507246376812,0.0,1.4492753623188406,87
432,fg = 4,bg != 186,125,57.6,42.4,0.0,0.0,84
433,fg = 4,bg != 187,112,57.142857142857146,40.17857142857143,0.8928571428571429,1.7857142857142858,75
434,fg = 4,bg != 188,725,59.172413793103445,39.03448275862069,0.27586206896551724,1.5172413793103448,482
435,fg = 4,bg != 189,122,59.83606557377049,36.885245901639344,0.0,3.278688524590164,76
436,fg = 4,bg != 190,126,51.58730158730159,46.82539682539682,0.0,1.5873015873015872,82
437,fg = 4,bg != 191,712,60.1123595505618,38.20224719101124,0.1404494382022472,1.5449438202247192,487
438,fg = 4,bg != 192,111,58.55855855855856,40.54054054054054,0.0,0.9009009009009009,71
439,fg = 4,bg != 196,115,62.608695652173914,35.65217391304348,0.8695652173913043,0.8695652173913043,77
440,fg = 4,bg != 197,122,64.75409836065573,34.42622950819672,0.0,0.819672131147541,91
441,fg = 4,bg != 198,122,59.83606557377049,36.885245901639344,0.0,3.278688524590164,76
442,fg = 4,bg != 199,712,60.1123595505618,38.20224719101124,0.1404494382022472,1.5449438202247192,487
443,fg = 4,bg != 200,704,67.32954545454545,30.96590909090909,0.14204545454545456,1.5625,484
444,fg = 4,bg != 201,132,66.66666666666667,29.545454545454547,0.0,3.787878787878788,88
445,fg = 4,bg != 202,704,67.32954545454545,30.96590909090909,0.14204545454545456,1.5625,484
446,fg = 4,bg != 206,101,73.26732673267327,26.73267326732673,0.0,0.0,70
447,fg = 4,bg != 207,123,72.35772357723577,25.203252032520325,0.0,2.4390243902439024,94
448,fg = 4,bg != 208,116,65.51724137931035,33.62068965517241,0.0,0.8620689655172413,75
449,fg = 4,bg != 209,124,61.29032258064516,37.096774193548384,0.8064516129032258,0.8064516129032258,85
450,fg = 4,bg != 210,132,66.66666666666667,29.545454545454547,0.0,3.787878787878788,88
451,fg = 4,bg != 211,733,66.43929058663029,32.605729877216916,0.0,0.9549795361527967,488
452,fg = 4,bg != 212,733,66.43929058663029,32.605729877216916,0.0,0.9549795361527967,488
453,fg = 4,bg != 216,118,70.33898305084746,29.661016949152543,0.0,0.0,77
454,fg = 4,bg != 217,107,69.1588785046729,29.906542056074766,0.0,0.9345794392523364,81
455,fg = 4,bg != 218,138,58.69565217391305,39.85507246376812,0.0,1.4492753623188406,87
456,fg = 4,bg != 219,111,58.55855855855856,40.54054054054054,0.0,0.9009009009009009,71
457,fg = 4,bg != 220,704,67.32954545454545,30.96590909090909,0.14204545454545456,1.5625,484
458,fg = 4,bg != 221,733,66.43929058663029,32.605729877216916,0.0,0.9549795361527967,488
459,fg = 4,bg != 222,2894,67.44989633724948,31.548030407740153,0.17277125086385625,0.82930200414651,1969
460,fg = 4,bg != 226,650,72.46153846153847,27.23076923076923,0.0,0.3076923076923077,430
461,fg = 4,bg != 227,613,69.16802610114192,29.853181076672104,0.1631321370309951,0.8156606851549756,440
462,fg = 4,bg != 228,680,64.55882352941177,34.26470588235294,0.14705882352941177,1.0294117647058822,461
463,fg = 4,bg != 229,651,65.74500768049155,33.48694316436252,0.4608294930875576,0.30721966205837176,452
464,fg = 4,bg != 260,101,73.26732673267327,26.73267326732673,0.0,0.0,70
465,fg = 4,bg != 261,118,70.33898305084746,29.661016949152543,0.0,0.0,77
466,fg = 4,bg != 262,650,72.46153846153847,27.23076923076923,0.0,0.3076923076923077,430
467,fg = 4,bg != 266,650,72.46153846153847,27.23076923076923,0.0,0.3076923076923077,430
468,fg = 4,bg != 267,102,78.43137254901961,21.568627450980394,0.0,0.0,67
469,fg = 4,bg != 268,123,69.10569105691057,30.89430894308943,0.0,0.0,81
470,fg = 4,bg != 269,102,73.52941176470588,26.470588235294116,0.0,0.0,73
471,fg = 4,bg != 270,123,72.35772357723577,25.203252032520325,0.0,2.4390243902439024,94
472,fg = 4,bg != 271,107,69.1588785046729,29.906542056074766,0.0,0.9345794392523364,81
473,fg = 4,bg != 272,613,69.16802610114192,29.853181076672104,0.1631321370309951,0.8156606851549756,440
474,fg = 4,bg != 276,102,78.43137254901961,21.568627450980394,0.0,0.0,67
475,fg = 4,bg != 277,613,69.16802610114192,29.853181076672104,0.1631321370309951,0.8156606851549756,440
476,fg = 4,bg != 278,109,66.05504587155963,33.027522935779814,0.0,0.9174311926605505,76
477,fg = 4,bg != 279,108,69.44444444444444,30.555555555555557,0.0,0.0,74
478,fg = 4,bg != 280,116,65.51724137931035,33.62068965517241,0.0,0.8620689655172413,75
479,fg = 4,bg != 281,138,58.69565217391305,39.85507246376812,0.0,1.4492753623188406,87
480,fg = 4,bg != 282,680,64.55882352941177,34.26470588235294,0.14705882352941177,1.0294117647058822,461
481,fg = 4,bg != 286,123,69.10569105691057,30.89430894308943,0.0,0.0,81
482,fg = 4,bg != 287,109,66.05504587155963,33.027522935779814,0.0,0.9174311926605505,76
483,fg = 4,bg != 288,680,64.55882352941177,34.26470588235294,0.14705882352941177,1.0294117647058822,461
484,fg = 4,bg != 289,102,64.70588235294117,34.31372549019608,0.9803921568627451,0.0,71
485,fg = 4,bg != 290,124,61.29032258064516,37.096774193548384,0.8064516129032258,0.8064516129032258,85
486,fg = 4,bg != 291,111,58.55855855855856,40.54054054054054,0.0,0.9009009009009009,71
487,fg = 4,bg != 292,651,65.74500768049155,33.48694316436252,0.4608294930875576,0.30721966205837176,452
488,fg = 4,bg != 296,102,73.52941176470588,26.470588235294116,0.0,0.0,73
489,fg = 4,bg != 297,108,69.44444444444444,30.555555555555557,0.0,0.0,74
490,fg = 4,bg != 298,102,64.70588235294117,34.31372549019608,0.9803921568627451,0.0,71
491,fg = 4,bg != 299,651,65.74500768049155,33.48694316436252,0.4608294930875576,0.30721966205837176,452
492,fg = 4,bg != 600,685,65.4014598540146,33.57664233576642,0.43795620437956206,0.583941605839416,469
493,fg = 4,bg != 601,131,64.12213740458016,35.11450381679389,0.0,0.7633587786259542,99
494,fg = 4,bg != 602,101,73.26732673267327,26.73267326732673,0.0,0.0,70
495,fg = 4,bg != 606,685,65.4014598540146,33.57664233576642,0.43795620437956206,0.583941605839416,469
496,fg = 4,bg != 607,114,70.17543859649123,28.07017543859649,0.0,1.7543859649122806,83
497,fg = 4,bg != 608,113,54.86725663716814,44.24778761061947,0.0,0.8849557522123894,65
498,fg = 4,bg != 609,116,62.93103448275862,36.206896551724135,0.0,0.8620689655172413,71
499,fg = 4,bg != 610,131,64.12213740458016,35.11450381679389,0.0,0.7633587786259542,99
500,fg = 4,bg != 611,704,62.35795454545455,36.50568181818182,0.2840909090909091,0.8522727272727273,490
501,fg = 4,bg != 612,118,70.33898305084746,29.661016949152543,0.0,0.0,77
502,fg = 4,bg != 616,704,62.35795454545455,36.50568181818182,0.2840909090909091,0.8522727272727273,490
503,fg = 4,bg != 617,112,70.53571428571429,27.678571428571427,0.0,1.7857142857142858,83
504,fg = 4,bg != 618,125,57.6,42.4,0.0,0.0,84
505,fg = 4,bg != 619,115,62.608695652173914,35.65217391304348,0.8695652173913043,0.8695652173913043,77
506,fg = 4,bg != 620,101,73.26732673267327,26.73267326732673,0.0,0.0,70
507,fg = 4,bg != 621,118,70.33898305084746,29.661016949152543,0.0,0.0,77
508,fg = 4,bg != 622,650,72.46153846153847,27.23076923076923,0.0,0.3076923076923077,430
509,fg = 4,bg != 626,650,72.46153846153847,27.23076923076923,0.0,0.3076923076923077,430
510,fg = 4,bg != 627,102,78.43137254901961,21.568627450980394,0.0,0.0,67
511,fg = 4,bg != 628,123,69.10569105691057,30.89430894308943,0.0,0.0,81
512,fg = 4,bg != 629,102,73.52941176470588,26.470588235294116,0.0,0.0,73
513,fg = 4,bg != 660,685,65.4014598540146,33.57664233576642,0.43795620437956206,0.583941605839416,469
514,fg = 4,bg != 661,704,62.35795454545455,36.50568181818182,0.2840909090909091,0.8522727272727273,490
515,fg = 4,bg != 662,650,72.46153846153847,27.23076923076923,0.0,0.3076923076923077,430
516,fg = 4,bg != 666,2890,64.84429065743944,34.11764705882353,0.2422145328719723,0.7958477508650519,2003
517,fg = 4,bg != 667,634,67.82334384858044,31.07255520504732,0.15772870662460567,0.9463722397476341,444
518,fg = 4,bg != 668,682,60.997067448680355,38.12316715542522,0.1466275659824047,0.7331378299120235,448
519,fg = 4,bg != 669,676,65.38461538461539,33.43195266272189,0.14792899408284024,1.0355029585798816,475
520,fg = 4,bg != 670,114,70.17543859649123,28.07017543859649,0.0,1.7543859649122806,83
521,fg = 4,bg != 671,112,70.53571428571429,27.678571428571427,0.0,1.7857142857142858,83
522,fg = 4,bg != 672,102,78.43137254901961,21.568627450980394,0.0,0.0,67
523,fg = 4,bg != 676,634,67.82334384858044,31.07255520504732,0.15772870662460567,0.9463722397476341,444
524,fg = 4,bg != 677,634,67.82334384858044,31.07255520504732,0.15772870662460567,0.9463722397476341,444
525,fg = 4,bg != 678,115,66.08695652173913,33.04347826086956,0.0,0.8695652173913043,77
526,fg = 4,bg != 679,110,70.0,29.09090909090909,0.0,0.9090909090909091,80
527,fg = 4,bg != 680,113,54.86725663716814,44.24778761061947,0.0,0.8849557522123894,65
528,fg = 4,bg != 681,125,57.6,42.4,0.0,0.0,84
529,fg = 4,bg != 682,123,69.10569105691057,30.89430894308943,0.0,0.0,81
530,fg = 4,bg != 686,682,60.997067448680355,38.12316715542522,0.1466275659824047,0.7331378299120235,448
531,fg = 4,bg != 687,115,66.08695652173913,33.04347826086956,0.0,0.8695652173913043,77
532,fg = 4,bg != 688,682,60.997067448680355,38.12316715542522,0.1466275659824047,0.7331378299120235,448
533,fg = 4,bg != 689,116,64.65517241379311,34.48275862068966,0.0,0.8620689655172413,73
534,fg = 4,bg != 690,116,62.93103448275862,36.206896551724135,0.0,0.8620689655172413,71
535,fg = 4,bg != 691,115,62.608695652173914,35.65217391304348,0.8695652173913043,0.8695652173913043,77
536,fg = 4,bg != 692,102,73.52941176470588,26.470588235294116,0.0,0.0,73
537,fg = 4,bg != 696,676,65.38461538461539,33.43195266272189,0.14792899408284024,1.0355029585798816,475
538,fg = 4,bg != 697,110,70.0,29.09090909090909,0.0,0.9090909090909091,80
539,fg = 4,bg != 698,116,64.65517241379311,34.48275862068966,0.0,0.8620689655172413,73
540,fg = 4,bg != 699,676,65.38461538461539,33.43195266272189,0.14792899408284024,1.0355029585798816,475
541,fg = 4,bg != 700,670,61.19402985074627,36.26865671641791,0.0,2.537313432835821,473
542,fg = 4,bg != 701,105,55.23809523809524,40.95238095238095,0.0,3.8095238095238093,80
543,fg = 4,bg != 702,123,72.35772357723577,25.203252032520325,0.0,2.4390243902439024,94
544,fg = 4,bg != 706,114,70.17543859649123,28.07017543859649,0.0,1.7543859649122806,83
545,fg = 4,bg != 707,670,61.19402985074627,36.26865671641791,0.0,2.537313432835821,473
546,fg = 4,bg != 708,101,58.415841584158414,40.59405940594059,0.0,0.9900990099009901,61
547,fg = 4,bg != 709,108,58.333333333333336,38.888888888888886,0.0,2.7777777777777777,78
548,fg = 4,bg != 710,105,55.23809523809524,40.95238095238095,0.0,3.8095238095238093,80
549,fg = 4,bg != 711,649,62.249614791987675,35.901386748844374,0.15408320493066255,1.694915254237288,470
550,fg = 4,bg != 712,107,69.1588785046729,29.906542056074766,0.0,0.9345794392523364,81
551,fg = 4,bg != 716,112,70.53571428571429,27.678571428571427,0.0,1.7857142857142858,83
552,fg = 4,bg != 717,649,62.249614791987675,35.901386748844374,0.15408320493066255,1.694915254237288,470
553,fg = 4,bg != 718,112,57.142857142857146,40.17857142857143,0.8928571428571429,1.7857142857142858,75
554,fg = 4,bg != 719,122,64.75409836065573,34.42622950819672,0.0,0.819672131147541,91
555,fg = 4,bg != 720,123,72.35772357723577,25.203252032520325,0.0,2.4390243902439024,94
556,fg = 4,bg != 721,107,69.1588785046729,29.906542056074766,0.0,0.9345794392523364,81
557,fg = 4,bg != 722,613,69.16802610114192,29.853181076672104,0.1631321370309951,0.8156606851549756,440
558,fg = 4,bg != 726,102,78.43137254901961,21.568627450980394,0.0,0.0,67
559,fg = 4,bg != 727,613,69.16802610114192,29.853181076672104,0.1631321370309951,0.8156606851549756,440
560,fg = 4,bg != 728,109,66.05504587155963,33.027522935779814,0.0,0.9174311926605505,76
561,fg = 4,bg != 729,108,69.44444444444444,30.555555555555557,0.0,0.0,74
562,fg = 4,bg != 760,114,70.17543859649123,28.07017543859649,0.0,1.7543859649122806,83
563,fg = 4,bg != 761,112,70.53571428571429,27.678571428571427,0.0,1.7857142857142858,83
564,fg = 4,bg != 762,102,78.43137254901961,21.568627450980394,0.0,0.0,67
565,fg = 4,bg != 766,634,67.82334384858044,31.07255520504732,0.15772870662460567,0.9463722397476341,444
566,fg = 4,bg != 767,634,67.82334384858044,31.07255520504732,0.15772870662460567,0.9463722397476341,444
567,fg = 4,bg != 768,115,66.08695652173913,33.04347826086956,0.0,0.8695652173913043,77
568,fg = 4,bg != 769,110,70.0,29.09090909090909,0.0,0.9090909090909091,80
569,fg = 4,bg != 770,670,61.19402985074627,36.26865671641791,0.0,2.537313432835821,473
570,fg = 4,bg != 771,649,62.249614791987675,35.901386748844374,0.15408320493066255,1.694915254237288,470
571,fg = 4,bg != 772,613,69.16802610114192,29.853181076672104,0.1631321370309951,0.8156606851549756,440
572,fg = 4,bg != 776,634,67.82334384858044,31.07255520504732,0.15772870662460567,0.9463722397476341,444
573,fg = 4,bg != 777,2771,63.551064597618186,35.04150126308192,0.18044027426921688,1.2269938650306749,1950
574,fg = 4,bg != 778,637,63.265306122448976,35.478806907378335,0.3139717425431711,0.9419152276295133,438
575,fg = 4,bg != 779,647,62.75115919629057,36.321483771251934,0.0,0.9273570324574961,453
576,fg = 4,bg != 780,101,58.415841584158414,40.59405940594059,0.0,0.9900990099009901,61
577,fg = 4,bg != 781,112,57.142857142857146,40.17857142857143,0.8928571428571429,1.7857142857142858,75
578,fg = 4,bg != 782,109,66.05504587155963,33.027522935779814,0.0,0.9174311926605505,76
579,fg = 4,bg != 786,115,66.08695652173913,33.04347826086956,0.0,0.8695652173913043,77
580,fg = 4,bg != 787,637,63.265306122448976,35.478806907378335,0.3139717425431711,0.9419152276295133,438
581,fg = 4,bg != 788,637,63.265306122448976,35.478806907378335,0.3139717425431711,0.9419152276295133,438
582,fg = 4,bg != 789,111,62.16216216216216,36.93693693693694,0.0,0.9009009009009009,76
583,fg = 4,bg != 790,108,58.333333333333336,38.888888888888886,0.0,2.7777777777777777,78
584,fg = 4,bg != 791,122,64.75409836065573,34.42622950819672,0.0,0.819672131147541,91
585,fg = 4,bg != 792,108,69.44444444444444,30.555555555555557,0.0,0.0,74
586,fg = 4,bg != 796,110,70.0,29.09090909090909,0.0,0.9090909090909091,80
587,fg = 4,bg != 797,647,62.75115919629057,36.321483771251934,0.0,0.9273570324574961,453
588,fg = 4,bg != 798,111,62.16216216216216,36.93693693693694,0.0,0.9009009009009009,76
589,fg = 4,bg != 799,647,62.75115919629057,36.321483771251934,0.0,0.9273570324574961,453
590,fg = 4,bg != 800,637,58.084772370486654,40.50235478806908,0.15698587127158556,1.2558869701726845,410
591,fg = 4,bg != 801,111,59.45945945945946,36.93693693693694,0.9009009009009009,2.7027027027027026,71
592,fg = 4,bg != 802,116,65.51724137931035,33.62068965517241,0.0,0.8620689655172413,75
593,fg = 4,bg != 806,113,54.86725663716814,44.24778761061947,0.0,0.8849557522123894,65
594,fg = 4,bg != 807,101,58.415841584158414,40.59405940594059,0.0,0.9900990099009901,61
595,fg = 4,bg != 808,637,58.084772370486654,40.50235478806908,0.15698587127158556,1.2558869701726845,410
596,fg = 4,bg != 809,93,48.38709677419355,49.46236559139785,0.0,2.150537634408602,53
597,fg = 4,bg != 810,111,59.45945945945946,36.93693693693694,0.9009009009009009,2.7027027027027026,71
598,fg = 4,bg != 811,725,59.172413793103445,39.03448275862069,0.27586206896551724,1.5172413793103448,482
599,fg = 4,bg != 812,138,58.69565217391305,39.85507246376812,0.0,1.4492753623188406,87
600,fg = 4,bg != 816,125,57.6,42.4,0.0,0.0,84
601,fg = 4,bg != 817,112,57.142857142857146,40.17857142857143,0.8928571428571429,1.7857142857142858,75
602,fg = 4,bg != 818,725,59.172413793103445,39.03448275862069,0.27586206896551724,1.5172413793103448,482
603,fg = 4,bg != 819,122,59.83606557377049,36.885245901639344,0.0,3.278688524590164,76
604,fg = 4,bg != 820,116,65.51724137931035,33.62068965517241,0.0,0.8620689655172413,75
605,fg = 4,bg != 821,138,58.69565217391305,39.85507246376812,0.0,1.4492753623188406,87
606,fg = 4,bg != 822,680,64.55882352941177,34.26470588235294,0.14705882352941177,1.0294117647058822,461
607,fg = 4,bg != 826,123,69.10569105691057,30.89430894308943,0.0,0.0,81
608,fg = 4,bg != 827,109,66.05504587155963,33.027522935779814,0.0,0.9174311926605505,76
609,fg = 4,bg != 828,680,64.55882352941177,34.26470588235294,0.14705882352941177,1.0294117647058822,461
610,fg = 4,bg != 829,102,64.70588235294117,34.31372549019608,0.9803921568627451,0.0,71
611,fg = 4,bg != 860,113,54.86725663716814,44.24778761061947,0.0,0.8849557522123894,65
612,fg = 4,bg != 861,125,57.6,42.4,0.0,0.0,84
613,fg = 4,bg != 862,123,69.10569105691057,30.89430894308943,0.0,0.0,81
614,fg = 4,bg != 866,682,60.997067448680355,38.12316715542522,0.1466275659824047,0.7331378299120235,448
615,fg = 4,bg != 867,115,66.08695652173913,33.04347826086956,0.0,0.8695652173913043,77
616,fg = 4,bg != 868,682,60.997067448680355,38.12316715542522,0.1466275659824047,0.7331378299120235,448
617,fg = 4,bg != 869,116,64.65517241379311,34.48275862068966,0.0,0.8620689655172413,73
618,fg = 4,bg != 870,101,58.415841584158414,40.59405940594059,0.0,0.9900990099009901,61
619,fg = 4,bg != 871,112,57.142857142857146,40.17857142857143,0.8928571428571429,1.7857142857142858,75
620,fg = 4,bg != 872,109,66.05504587155963,33.027522935779814,0.0,0.9174311926605505,76
621,fg = 4,bg != 876,115,66.08695652173913,33.04347826086956,0.0,0.8695652173913043,77
622,fg = 4,bg != 877,637,63.265306122448976,35.478806907378335,0.3139717425431711,0.9419152276295133,438
623,fg = 4,bg != 878,637,63.265306122448976,35.478806907378335,0.3139717425431711,0.9419152276295133,438
624,fg = 4,bg != 879,111,62.16216216216216,36.93693693693694,0.0,0.9009009009009009,76
625,fg = 4,bg != 880,637,58.084772370486654,40.50235478806908,0.15698587127158556,1.2558869701726845,410
626,fg = 4,bg != 881,725,59.172413793103445,39.03448275862069,0.27586206896551724,1.5172413793103448,482
627,fg = 4,bg != 882,680,64.55882352941177,34.26470588235294,0.14705882352941177,1.0294117647058822,461
628,fg = 4,bg != 886,682,60.997067448680355,38.12316715542522,0.1466275659824047,0.7331378299120235,448
629,fg = 4,bg != 887,637,63.265306122448976,35.478806907378335,0.3139717425431711,0.9419152276295133,438
630,fg = 4,bg != 888,2863,60.25148445686343,38.176737687740136,0.2794271742927,1.2923506811037373,1901
631,fg = 4,bg != 889,649,59.63020030816641,37.90446841294299,0.4622496147919877,2.0030816640986133,425
632,fg = 4,bg != 890,93,48.38709677419355,49.46236559139785,0.0,2.150537634408602,53
633,fg = 4,bg != 891,122,59.83606557377049,36.885245901639344,0.0,3.278688524590164,76
634,fg = 4,bg != 892,102,64.70588235294117,34.31372549019608,0.9803921568627451,0.0,71
635,fg = 4,bg != 896,116,64.65517241379311,34.48275862068966,0.0,0.8620689655172413,73
636,fg = 4,bg != 897,111,62.16216216216216,36.93693693693694,0.0,0.9009009009009009,76
637,fg = 4,bg != 898,649,59.63020030816641,37.90446841294299,0.4622496147919877,2.0030816640986133,425
638,fg = 4,bg != 899,649,59.63020030816641,37.90446841294299,0.4622496147919877,2.0030816640986133,425
639,fg = 4,bg != 900,664,54.66867469879518,43.22289156626506,0.30120481927710846,1.8072289156626506,433
640,fg = 4,bg != 901,126,51.58730158730159,46.82539682539682,0.0,1.5873015873015872,82
641,fg = 4,bg != 902,124,61.29032258064516,37.096774193548384,0.8064516129032258,0.8064516129032258,85
642,fg = 4,bg != 906,116,62.93103448275862,36.206896551724135,0.0,0.8620689655172413,71
643,fg = 4,bg != 907,108,58.333333333333336,38.888888888888886,0.0,2.7777777777777777,78
644,fg = 4,bg != 908,93,48.38709677419355,49.46236559139785,0.0,2.150537634408602,53
645,fg = 4,bg != 909,664,54.66867469879518,43.22289156626506,0.30120481927710846,1.8072289156626506,433
646,fg = 4,bg != 910,126,51.58730158730159,46.82539682539682,0.0,1.5873015873015872,82
647,fg = 4,bg != 911,712,60.1123595505618,38.20224719101124,0.1404494382022472,1.5449438202247192,487
648,fg = 4,bg != 912,111,58.55855855855856,40.54054054054054,0.0,0.9009009009009009,71
649,fg = 4,bg != 916,115,62.608695652173914,35.65217391304348,0.8695652173913043,0.8695652173913043,77
650,fg = 4,bg != 917,122,64.75409836065573,34.42622950819672,0.0,0.819672131147541,91
651,fg = 4,bg != 918,122,59.83606557377049,36.885245901639344,0.0,3.278688524590164,76
652,fg = 4,bg != 919,712,60.1123595505618,38.20224719101124,0.1404494382022472,1.5449438202247192,487
653,fg = 4,bg != 920,124,61.29032258064516,37.096774193548384,0.8064516129032258,0.8064516129032258,85
654,fg = 4,bg != 921,111,58.55855855855856,40.54054054054054,0.0,0.9009009009009009,71
655,fg = 4,bg != 922,651,65.74500768049155,33.48694316436252,0.4608294930875576,0.30721966205837176,452
656,fg = 4,bg != 926,102,73.52941176470588,26.470588235294116,0.0,0.0,73
657,fg = 4,bg != 927,108,69.44444444444444,30.555555555555557,0.0,0.0,74
658,fg = 4,bg != 928,102,64.70588235294117,34.31372549019608,0.9803921568627451,0.0,71
659,fg = 4,bg != 929,651,65.74500768049155,33.48694316436252,0.4608294930875576,0.30721966205837176,452
660,fg = 4,bg != 960,116,62.93103448275862,36.206896551724135,0.0,0.8620689655172413,71
661,fg = 4,bg != 961,115,62.608695652173914,35.65217391304348,0.8695652173913043,0.8695652173913043,77
662,fg = 4,bg != 962,102,73.52941176470588,26.470588235294116,0.0,0.0,73
663,fg = 4,bg != 966,676,65.38461538461539,33.43195266272189,0.14792899408284024,1.0355029585798816,475
664,fg = 4,bg != 967,110,70.0,29.09090909090909,0.0,0.9090909090909091,80
665,fg = 4,bg != 968,116,64.65517241379311,34.48275862068966,0.0,0.8620689655172413,73
666,fg = 4,bg != 969,676,65.38461538461539,33.43195266272189,0.14792899408284024,1.0355029585798816,475
667,fg = 4,bg != 970,108,58.333333333333336,38.888888888888886,0.0,2.7777777777777777,78
668,fg = 4,bg != 971,122,64.75409836065573,34.42622950819672,0.0,0.819672131147541,91
669,fg = 4,bg != 972,108,69.44444444444444,30.555555555555557,0.0,0.0,74
670,fg = 4,bg != 976,110,70.0,29.09090909090909,0.0,0.9090909090909091,80
671,fg = 4,bg != 977,647,62.75115919629057,36.321483771251934,0.0,0.9273570324574961,453
672,fg = 4,bg != 978,111,62.16216216216216,36.93693693693694,0.0,0.9009009009009009,76
673,fg = 4,bg != 979,647,62.75115919629057,36.321483771251934,0.0,0.9273570324574961,453
674,fg = 4,bg != 980,93,48.38709677419355,49.46236559139785,0.0,2.150537634408602,53
675,fg = 4,bg != 981,122,59.83606557377049,36.885245901639344,0.0,3.278688524590164,76
676,fg = 4,bg != 982,102,64.70588235294117,34.31372549019608,0.9803921568627451,0.0,71
677,fg = 4,bg != 986,116,64.65517241379311,34.48275862068966,0.0,0.8620689655172413,73
678,fg = 4,bg != 987,111,62.16216216216216,36.93693693693694,0.0,0.9009009009009009,76
679,fg = 4,bg != 988,649,59.63020030816641,37.90446841294299,0.4622496147919877,2.0030816640986133,425
680,fg = 4,bg != 989,649,59.63020030816641,37.90446841294299,0.4622496147919877,2.0030816640986133,425
681,fg = 4,bg != 990,664,54.66867469879518,43.22289156626506,0.30120481927710846,1.8072289156626506,433
682,fg = 4,bg != 991,712,60.1123595505618,38.20224719101124,0.1404494382022472,1.5449438202247192,487
683,fg = 4,bg != 992,651,65.74500768049155,33.48694316436252,0.4608294930875576,0.30721966205837176,452
684,fg = 4,bg != 996,676,65.38461538461539,33.43195266272189,0.14792899408284024,1.0355029585798816,475
685,fg = 4,bg != 997,647,62.75115919629057,36.321483771251934,0.0,0.9273570324574961,453
686,fg = 4,bg != 998,649,59.63020030816641,37.90446841294299,0.4622496147919877,2.0030816640986133,425
687,fg = 4,bg != 999,2876,61.16133518776078,37.34353268428373,0.24339360222531292,1.2517385257301807,1984
688,fg = 5,bg != 000,2754,84.24110384894699,15.177923021060275,0.10893246187363835,0.4720406681190995,2461
689,fg = 5,bg != 001,609,83.57963875205255,16.091954022988507,0.16420361247947454,0.16420361247947454,546
690,fg = 5,bg != 002,667,86.20689655172414,13.193403298350825,0.14992503748125938,0.4497751124437781,604
691,fg = 5,bg != 006,641,83.15132605304213,16.848673946957877,0.0,0.0,555
692,fg = 5,bg != 007,657,83.71385083713851,15.525114155251142,0.15220700152207,0.60882800608828,583
693,fg = 5,bg != 008,638,84.1692789968652,14.890282131661442,0.31347962382445144,0.6269592476489029,576
694,fg = 5,bg != 009,657,85.08371385083714,14.76407914764079,0.0,0.15220700152207,593
695,fg = 5,bg != 010,609,83.57963875205255,16.091954022988507,0.16420361247947454,0.16420361247947454,546
696,fg = 5,bg != 011,609,83.57963875205255,16.091954022988507,0.16420361247947454,0.16420361247947454,546
697,fg = 5,bg != 012,124,81.45161290322581,17.741935483870968,0.8064516129032258,0.0,111
698,fg = 5,bg != 016,104,82.6923076923077,17.307692307692307,0.0,0.0,92
699,fg = 5,bg != 017,104,81.73076923076923,18.26923076923077,0.0,0.0,90
700,fg = 5,bg != 018,104,80.76923076923077,19.23076923076923,0.0,0.0,93
701,fg = 5,bg != 019,96,80.20833333333333,19.791666666666668,0.0,0.0,82
702,fg = 5,bg != 020,667,86.20689655172414,13.193403298350825,0.14992503748125938,0.4497751124437781,604
703,fg = 5,bg != 021,124,81.45161290322581,17.741935483870968,0.8064516129032258,0.0,111
704,fg = 5,bg != 022,667,86.20689655172414,13.193403298350825,0.14992503748125938,0.4497751124437781,604
705,fg = 5,bg != 026,128,85.9375,14.0625,0.0,0.0,107
706,fg = 5,bg != 027,107,88.78504672897196,10.280373831775702,0.0,0.9345794392523364,96
707,fg = 5,bg != 028,107,85.04672897196262,14.018691588785046,0.0,0.9345794392523364,103
708,fg = 5,bg != 029,120,85.0,15.0,0.0,0.0,110
709,fg = 5,bg != 060,641,83.15132605304213,16.848673946957877,0.0,0.0,555
710,fg = 5,bg != 061,104,82.6923076923077,17.307692307692307,0.0,0.0,92
711,fg = 5,bg != 062,128,85.9375,14.0625,0.0,0.0,107
712,fg = 5,bg != 066,641,83.15132605304213,16.848673946957877,0.0,0.0,555
713,fg = 5,bg != 067,120,85.0,15.0,0.0,0.0,102
714,fg = 5,bg != 068,104,83.65384615384616,16.346153846153847,0.0,0.0,93
715,fg = 5,bg != 069,118,83.05084745762711,16.949152542372882,0.0,0.0,103
716,fg = 5,bg != 070,657,83.71385083713851,15.525114155251142,0.15220700152207,0.60882800608828,583
717,fg = 5,bg != 071,104,81.73076923076923,18.26923076923077,0.0,0.0,90
718,fg = 5,bg != 072,107,88.78504672897196,10.280373831775702,0.0,0.9345794392523364,96
719,fg = 5,bg != 076,120,85.0,15.0,0.0,0.0,102
720,fg = 5,bg != 077,657,83.71385083713851,15.525114155251142,0.15220700152207,0.60882800608828,583
721,fg = 5,bg != 078,116,85.34482758620689,13.793103448275861,0.8620689655172413,0.0,109
722,fg = 5,bg != 079,95,78.94736842105263,21.05263157894737,0.0,0.0,84
723,fg = 5,bg != 080,638,84.1692789968652,14.890282131661442,0.31347962382445144,0.6269592476489029,576
724,fg = 5,bg != 081,104,80.76923076923077,19.23076923076923,0.0,0.0,93
725,fg = 5,bg != 082,107,85.04672897196262,14.018691588785046,0.0,0.9345794392523364,103
726,fg = 5,bg != 086,104,83.65384615384616,16.346153846153847,0.0,0.0,93
727,fg = 5,bg != 087,116,85.34482758620689,13.793103448275861,0.8620689655172413,0.0,109
728,fg = 5,bg != 088,638,84.1692789968652,14.890282131661442,0.31347962382445144,0.6269592476489029,576
729,fg = 5,bg != 089,102,87.25490196078431,12.745098039215685,0.0,0.0,96
730,fg = 5,bg != 090,657,85.08371385083714,14.76407914764079,0.0,0.15220700152207,593
731,fg = 5,bg != 091,96,80.20833333333333,19.791666666666668,0.0,0.0,82
732,fg = 5,bg != 092,120,85.0,15.0,0.0,0.0,110
733,fg = 5,bg != 096,118,83.05084745762711,16.949152542372882,0.0,0.0,103
734,fg = 5,bg != 097,95,78.94736842105263,21.05263157894737,0.0,0.0,84
735,fg = 5,bg != 098,102,87.25490196078431,12.745098039215685,0.0,0.0,96
736,fg = 5,bg != 099,657,85.08371385083714,14.76407914764079,0.0,0.15220700152207,593
737,fg = 5,bg != 100,609,83.57963875205255,16.091954022988507,0.16420361247947454,0.16420361247947454,546
738,fg = 5,bg != 101,609,83.57963875205255,16.091954022988507,0.16420361247947454,0.16420361247947454,546
739,fg = 5,bg != 102,124,81.45161290322581,17.741935483870968,0.8064516129032258,0.0,111
740,fg = 5,bg != 106,104,82.6923076923077,17.307692307692307,0.0,0.0,92
741,fg = 5,bg != 107,104,81.73076923076923,18.26923076923077,0.0,0.0,90
742,fg = 5,bg != 108,104,80.76923076923077,19.23076923076923,0.0,0.0,93
743,fg = 5,bg != 109,96,80.20833333333333,19.791666666666668,0.0,0.0,82
744,fg = 5,bg != 110,609,83.57963875205255,16.091954022988507,0.16420361247947454,0.16420361247947454,546
745,fg = 5,bg != 111,2922,83.29911019849418,15.982203969883642,0.13689253935660506,0.5817932922655715,2603
746,fg = 5,bg != 112,734,83.10626702997276,16.757493188010898,0.1362397820163488,0.0,656
747,fg = 5,bg != 116,701,82.5962910128388,16.975748930099858,0.0,0.42796005706134094,616
748,fg = 5,bg != 117,682,82.69794721407625,15.982404692082111,0.2932551319648094,1.0263929618768328,605
749,fg = 5,bg != 118,666,81.98198198198199,17.117117117117118,0.15015015015015015,0.7507507507507507,595
750,fg = 5,bg != 119,671,80.32786885245902,19.076005961251862,0.0,0.5961251862891207,598
751,fg = 5,bg != 120,124,81.45161290322581,17.741935483870968,0.8064516129032258,0.0,111
752,fg = 5,bg != 121,734,83.10626702997276,16.757493188010898,0.1362397820163488,0.0,656
753,fg = 5,bg != 122,734,83.10626702997276,16.757493188010898,0.1362397820163488,0.0,656
754,fg = 5,bg != 126,138,83.33333333333333,16.666666666666668,0.0,0.0,120
755,fg = 5,bg != 127,148,83.78378378378379,16.216216216216218,0.0,0.0,130
756,fg = 5,bg != 128,126,79.36507936507937,20.634920634920636,0.0,0.0,113
757,fg = 5,bg != 129,120,80.0,20.0,0.0,0.0,109
758,fg = 5,bg != 160,104,82.6923076923077,17.307692307692307,0.0,0.0,92
759,fg = 5,bg != 161,701,82.5962910128388,16.975748930099858,0.0,0.42796005706134094,616
760,fg = 5,bg != 162,138,83.33333333333333,16.666666666666668,0.0,0.0,120
761,fg = 5,bg != 166,701,82.5962910128388,16.975748930099858,0.0,0.42796005706134094,616
762,fg = 5,bg != 167,122,79.50819672131148,20.491803278688526,0.0,0.0,106
763,fg = 5,bg != 168,120,80.83333333333333,18.333333333333332,0.0,0.8333333333333334,106
764,fg = 5,bg != 169,113,86.72566371681415,12.389380530973451,0.0,0.8849557522123894,104
765,fg = 5,bg != 170,104,81.73076923076923,18.26923076923077,0.0,0.0,90
766,fg = 5,bg != 171,682,82.69794721407625,15.982404692082111,0.2932551319648094,1.0263929618768328,605
767,fg = 5,bg != 172,148,83.78378378378379,16.216216216216218,0.0,0.0,130
768,fg = 5,bg != 176,122,79.50819672131148,20.491803278688526,0.0,0.0,106
769,fg = 5,bg != 177,682,82.69794721407625,15.982404692082111,0.2932551319648094,1.0263929618768328,605
770,fg = 5,bg != 178,115,84.34782608695652,14.782608695652174,0.8695652173913043,0.0,107
771,fg = 5,bg != 179,120,76.66666666666667,22.5,0.0,0.8333333333333334,108
772,fg = 5,bg != 180,104,80.76923076923077,19.23076923076923,0.0,0.0,93
773,fg = 5,bg != 181,666,81.98198198198199,17.117117117117118,0.15015015015015015,0.7507507507507507,595
774,fg = 5,bg != 182,126,79.36507936507937,20.634920634920636,0.0,0.0,113
775,fg = 5,bg != 186,120,80.83333333333333,18.333333333333332,0.0,0.8333333333333334,106
776,fg = 5,bg != 187,115,84.34782608695652,14.782608695652174,0.8695652173913043,0.0,107
777,fg = 5,bg != 188,666,81.98198198198199,17.117117117117118,0.15015015015015015,0.7507507507507507,595
778,fg = 5,bg != 189,101,79.20792079207921,20.792079207920793,0.0,0.0,89
779,fg = 5,bg != 190,96,80.20833333333333,19.791666666666668,0.0,0.0,82
780,fg = 5,bg != 191,671,80.32786885245902,19.076005961251862,0.0,0.5961251862891207,598
781,fg = 5,bg != 192,120,80.0,20.0,0.0,0.0,109
782,fg = 5,bg != 196,113,86.72566371681415,12.389380530973451,0.0,0.8849557522123894,104
783,fg = 5,bg != 197,120,76.66666666666667,22.5,0.0,0.8333333333333334,108
784,fg = 5,bg != 198,101,79.20792079207921,20.792079207920793,0.0,0.0,89
785,fg = 5,bg != 199,671,80.32786885245902,19.076005961251862,0.0,0.5961251862891207,598
786,fg = 5,bg != 200,667,86.20689655172414,13.193403298350825,0.14992503748125938,0.4497751124437781,604
787,fg = 5,bg != 201,124,81.45161290322581,17.741935483870968,0.8064516129032258,0.0,111
788,fg = 5,bg != 202,667,86.20689655172414,13.193403298350825,0.14992503748125938,0.4497751124437781,604
789,fg = 5,bg != 206,128,85.9375,14.0625,0.0,0.0,107
790,fg = 5,bg != 207,107,88.78504672897196,10.280373831775702,0.0,0.9345794392523364,96
791,fg = 5,bg != 208,107,85.04672897196262,14.018691588785046,0.0,0.9345794392523364,103
792,fg = 5,bg != 209,120,85.0,15.0,0.0,0.0,110
793,fg = 5,bg != 210,124,81.45161290322581,17.741935483870968,0.8064516129032258,0.0,111
794,fg = 5,bg != 211,734,83.10626702997276,16.757493188010898,0.1362397820163488,0.0,656
795,fg = 5,bg != 212,734,83.10626702997276,16.757493188010898,0.1362397820163488,0.0,656
796,fg = 5,bg != 216,138,83.33333333333333,16.666666666666668,0.0,0.0,120
797,fg = 5,bg != 217,148,83.78378378378379,16.216216216216218,0.0,0.0,130
798,fg = 5,bg != 218,126,79.36507936507937,20.634920634920636,0.0,0.0,113
799,fg = 5,bg != 219,120,80.0,20.0,0.0,0.0,109
800,fg = 5,bg != 220,667,86.20689655172414,13.193403298350825,0.14992503748125938,0.4497751124437781,604
801,fg = 5,bg != 221,734,83.10626702997276,16.757493188010898,0.1362397820163488,0.0,656
802,fg = 5,bg != 222,2972,85.29609690444146,14.199192462987886,0.13458950201884254,0.37012113055181695,2648
803,fg = 5,bg != 226,747,85.40829986613119,14.056224899598394,0.2677376171352075,0.2677376171352075,644
804,fg = 5,bg != 227,716,87.29050279329608,12.150837988826815,0.27932960893854747,0.27932960893854747,638
805,fg = 5,bg != 228,694,84.14985590778097,15.561959654178674,0.0,0.2881844380403458,620
806,fg = 5,bg != 229,730,85.75342465753425,13.698630136986301,0.0,0.547945205479452,662
807,fg = 5,bg != 260,128,85.9375,14.0625,0.0,0.0,107
808,fg = 5,bg != 261,138,83.33333333333333,16.666666666666668,0.0,0.0,120
809,fg = 5,bg != 262,747,85.40829986613119,14.056224899598394,0.2677376171352075,0.2677376171352075,644
810,fg = 5,bg != 266,747,85.40829986613119,14.056224899598394,0.2677376171352075,0.2677376171352075,644
811,fg = 5,bg != 267,129,89.14728682170542,10.077519379844961,0.7751937984496124,0.0,113
812,fg = 5,bg != 268,139,82.73381294964028,17.26618705035971,0.0,0.0,118
813,fg = 5,bg != 269,138,85.5072463768116,13.768115942028986,0.0,0.7246376811594203,121
814,fg = 5,bg != 270,107,88.78504672897196,10.280373831775702,0.0,0.9345794392523364,96
815,fg = 5,bg != 271,148,83.78378378378379,16.216216216216218,0.0,0.0,130
816,fg = 5,bg != 272,716,87.29050279329608,12.150837988826815,0.27932960893854747,0.27932960893854747,638
817,fg = 5,bg != 276,129,89.14728682170542,10.077519379844961,0.7751937984496124,0.0,113
818,fg = 5,bg != 277,716,87.29050279329608,12.150837988826815,0.27932960893854747,0.27932960893854747,638
819,fg = 5,bg != 278,122,86.06557377049181,13.934426229508198,0.0,0.0,109
820,fg = 5,bg != 279,135,89.62962962962963,10.37037037037037,0.0,0.0,125
821,fg = 5,bg != 280,107,85.04672897196262,14.018691588785046,0.0,0.9345794392523364,103
822,fg = 5,bg != 281,126,79.36507936507937,20.634920634920636,0.0,0.0,113
823,fg = 5,bg != 282,694,84.14985590778097,15.561959654178674,0.0,0.2881844380403458,620
824,fg = 5,bg != 286,139,82.73381294964028,17.26618705035971,0.0,0.0,118
825,fg = 5,bg != 287,122,86.06557377049181,13.934426229508198,0.0,0.0,109
826,fg = 5,bg != 288,694,84.14985590778097,15.561959654178674,0.0,0.2881844380403458,620
827,fg = 5,bg != 289,106,83.9622641509434,15.09433962264151,0.0,0.9433962264150944,94
828,fg = 5,bg != 290,120,85.0,15.0,0.0,0.0,110
829,fg = 5,bg != 291,120,80.0,20.0,0.0,0.0,109
830,fg = 5,bg != 292,730,85.75342465753425,13.698630136986301,0.0,0.547945205479452,662
831,fg = 5,bg != 296,138,85.5072463768116,13.768115942028986,0.0,0.7246376811594203,121
832,fg = 5,bg != 297,135,89.62962962962963,10.37037037037037,0.0,0.0,125
833,fg = 5,bg != 298,106,83.9622641509434,15.09433962264151,0.0,0.9433962264150944,94
834,fg = 5,bg != 299,730,85.75342465753425,13.698630136986301,0.0,0.547945205479452,662
835,fg = 5,bg != 600,641,83.15132605304213,16.848673946957877,0.0,0.0,555
836,fg = 5,bg != 601,104,82.6923076923077,17.307692307692307,0.0,0.0,92
837,fg = 5,bg != 602,128,85.9375,14.0625,0.0,0.0,107
838,fg = 5,bg != 606,641,83.15132605304213,16.848673946957877,0.0,0.0,555
839,fg = 5,bg != 607,120,85.0,15.0,0.0,0.0,102
840,fg = 5,bg != 608,104,83.65384615384616,16.346153846153847,0.0,0.0,93
841,fg = 5,bg != 609,118,83.05084745762711,16.949152542372882,0.0,0.0,103
842,fg = 5,bg != 610,104,82.6923076923077,17.307692307692307,0.0,0.0,92
843,fg = 5,bg != 611,701,82.5962910128388,16.975748930099858,0.0,0.42796005706134094,616
844,fg = 5,bg != 612,138,83.33333333333333,16.666666666666668,0.0,0.0,120
845,fg = 5,bg != 616,701,82.5962910128388,16.975748930099858,0.0,0.42796005706134094,616
846,fg = 5,bg != 617,122,79.50819672131148,20.491803278688526,0.0,0.0,106
847,fg = 5,bg != 618,120,80.83333333333333,18.333333333333332,0.0,0.8333333333333334,106
848,fg = 5,bg != 619,113,86.72566371681415,12.389380530973451,0.0,0.8849557522123894,104
849,fg = 5,bg != 620,128,85.9375,14.0625,0.0,0.0,107
850,fg = 5,bg != 621,138,83.33333333333333,16.666666666666668,0.0,0.0,120
851,fg = 5,bg != 622,747,85.40829986613119,14.056224899598394,0.2677376171352075,0.2677376171352075,644
852,fg = 5,bg != 626,747,85.40829986613119,14.056224899598394,0.2677376171352075,0.2677376171352075,644
853,fg = 5,bg != 627,129,89.14728682170542,10.077519379844961,0.7751937984496124,0.0,113
854,fg = 5,bg != 628,139,82.73381294964028,17.26618705035971,0.0,0.0,118
855,fg = 5,bg != 629,138,85.5072463768116,13.768115942028986,0.0,0.7246376811594203,121
856,fg = 5,bg != 660,641,83.15132605304213,16.848673946957877,0.0,0.0,555
857,fg = 5,bg != 661,701,82.5962910128388,16.975748930099858,0.0,0.42796005706134094,616
858,fg = 5,bg != 662,747,85.40829986613119,14.056224899598394,0.2677376171352075,0.2677376171352075,644
859,fg = 5,bg != 666,2939,84.04219122150391,15.481456277645458,0.10207553589656346,0.374276964954066,2582
860,fg = 5,bg != 667,717,85.63458856345886,14.08647140864714,0.1394700139470014,0.1394700139470014,632
861,fg = 5,bg != 668,693,82.3953823953824,16.883116883116884,0.1443001443001443,0.5772005772005772,612
862,fg = 5,bg != 669,723,83.40248962655602,15.767634854771785,0.0,0.8298755186721992,642
863,fg = 5,bg != 670,120,85.0,15.0,0.0,0.0,102
864,fg = 5,bg != 671,122,79.50819672131148,20.491803278688526,0.0,0.0,106
865,fg = 5,bg != 672,129,89.14728682170542,10.077519379844961,0.7751937984496124,0.0,113
866,fg = 5,bg != 676,717,85.63458856345886,14.08647140864714,0.1394700139470014,0.1394700139470014,632
867,fg = 5,bg != 677,717,85.63458856345886,14.08647140864714,0.1394700139470014,0.1394700139470014,632
868,fg = 5,bg != 678,115,90.43478260869566,8.695652173913043,0.0,0.8695652173913043,109
869,fg = 5,bg != 679,121,85.9504132231405,14.049586776859504,0.0,0.0,110
870,fg = 5,bg != 680,104,83.65384615384616,16.346153846153847,0.0,0.0,93
871,fg = 5,bg != 681,120,80.83333333333333,18.333333333333332,0.0,0.8333333333333334,106
872,fg = 5,bg != 682,139,82.73381294964028,17.26618705035971,0.0,0.0,118
873,fg = 5,bg != 686,693,82.3953823953824,16.883116883116884,0.1443001443001443,0.5772005772005772,612
874,fg = 5,bg != 687,115,90.43478260869566,8.695652173913043,0.0,0.8695652173913043,109
875,fg = 5,bg != 688,693,82.3953823953824,16.883116883116884,0.1443001443001443,0.5772005772005772,612
876,fg = 5,bg != 689,116,75.86206896551724,23.275862068965516,0.0,0.8620689655172413,95
877,fg = 5,bg != 690,118,83.05084745762711,16.949152542372882,0.0,0.0,103
878,fg = 5,bg != 691,113,86.72566371681415,12.389380530973451,0.0,0.8849557522123894,104
879,fg = 5,bg != 692,138,85.5072463768116,13.768115942028986,0.0,0.7246376811594203,121
880,fg = 5,bg != 696,723,83.40248962655602,15.767634854771785,0.0,0.8298755186721992,642
881,fg = 5,bg != 697,121,85.9504132231405,14.049586776859504,0.0,0.0,110
882,fg = 5,bg != 698,116,75.86206896551724,23.275862068965516,0.0,0.8620689655172413,95
883,fg = 5,bg != 699,723,83.40248962655602,15.767634854771785,0.0,0.8298755186721992,642
884,fg = 5,bg != 700,657,83.71385083713851,15.525114155251142,0.15220700152207,0.60882800608828,583
885,fg = 5,bg != 701,104,81.73076923076923,18.26923076923077,0.0,0.0,90
886,fg = 5,bg != 702,107,88.78504672897196,10.280373831775702,0.0,0.9345794392523364,96
887,fg = 5,bg != 706,120,85.0,15.0,0.0,0.0,102
888,fg = 5,bg != 707,657,83.71385083713851,15.525114155251142,0.15220700152207,0.60882800608828,583
889,fg = 5,bg != 708,116,85.34482758620689,13.793103448275861,0.8620689655172413,0.0,109
890,fg = 5,bg != 709,95,78.94736842105263,21.05263157894737,0.0,0.0,84
891,fg = 5,bg != 710,104,81.73076923076923,18.26923076923077,0.0,0.0,90
892,fg = 5,bg != 711,682,82.69794721407625,15.982404692082111,0.2932551319648094,1.0263929618768328,605
893,fg = 5,bg != 712,148,83.78378378378379,16.216216216216218,0.0,0.0,130
894,fg = 5,bg != 716,122,79.50819672131148,20.491803278688526,0.0,0.0,106
895,fg = 5,bg != 717,682,82.69794721407625,15.982404692082111,0.2932551319648094,1.0263929618768328,605
896,fg = 5,bg != 718,115,84.34782608695652,14.782608695652174,0.8695652173913043,0.0,107
897,fg = 5,bg != 719,120,76.66666666666667,22.5,0.0,0.8333333333333334,108
898,fg = 5,bg != 720,107,88.78504672897196,10.280373831775702,0.0,0.9345794392523364,96
899,fg = 5,bg != 721,148,83.78378378378379,16.216216216216218,0.0,0.0,130
900,fg = 5,bg != 722,716,87.29050279329608,12.150837988826815,0.27932960893854747,0.27932960893854747,638
901,fg = 5,bg != 726,129,89.14728682170542,10.077519379844961,0.7751937984496124,0.0,113
902,fg = 5,bg != 727,716,87.29050279329608,12.150837988826815,0.27932960893854747,0.27932960893854747,638
903,fg = 5,bg != 728,122,86.06557377049181,13.934426229508198,0.0,0.0,109
904,fg = 5,bg != 729,135,89.62962962962963,10.37037037037037,0.0,0.0,125
905,fg = 5,bg != 760,120,85.0,15.0,0.0,0.0,102
906,fg = 5,bg != 761,122,79.50819672131148,20.491803278688526,0.0,0.0,106
907,fg = 5,bg != 762,129,89.14728682170542,10.077519379844961,0.7751937984496124,0.0,113
908,fg = 5,bg != 766,717,85.63458856345886,14.08647140864714,0.1394700139470014,0.1394700139470014,632
909,fg = 5,bg != 767,717,85.63458856345886,14.08647140864714,0.1394700139470014,0.1394700139470014,632
910,fg = 5,bg != 768,115,90.43478260869566,8.695652173913043,0.0,0.8695652173913043,109
911,fg = 5,bg != 769,121,85.9504132231405,14.049586776859504,0.0,0.0,110
912,fg = 5,bg != 770,657,83.71385083713851,15.525114155251142,0.15220700152207,0.60882800608828,583
913,fg = 5,bg != 771,682,82.69794721407625,15.982404692082111,0.2932551319648094,1.0263929618768328,605
914,fg = 5,bg != 772,716,87.29050279329608,12.150837988826815,0.27932960893854747,0.27932960893854747,638
915,fg = 5,bg != 776,717,85.63458856345886,14.08647140864714,0.1394700139470014,0.1394700139470014,632
916,fg = 5,bg != 777,2962,84.74004051316678,14.51721809588116,0.1688048615800135,0.5739365293720459,2629
917,fg = 5,bg != 778,683,84.62664714494876,14.641288433382138,0.29282576866764276,0.43923865300146414,612
918,fg = 5,bg != 779,692,83.95953757225433,15.895953757225433,0.0,0.14450867052023122,619
919,fg = 5,bg != 780,116,85.34482758620689,13.793103448275861,0.8620689655172413,0.0,109
920,fg = 5,bg != 781,115,84.34782608695652,14.782608695652174,0.8695652173913043,0.0,107
921,fg = 5,bg != 782,122,86.06557377049181,13.934426229508198,0.0,0.0,109
922,fg = 5,bg != 786,115,90.43478260869566,8.695652173913043,0.0,0.8695652173913043,109
923,fg = 5,bg != 787,683,84.62664714494876,14.641288433382138,0.29282576866764276,0.43923865300146414,612
924,fg = 5,bg != 788,683,84.62664714494876,14.641288433382138,0.29282576866764276,0.43923865300146414,612
925,fg = 5,bg != 789,111,85.58558558558559,14.414414414414415,0.0,0.0,100
926,fg = 5,bg != 790,95,78.94736842105263,21.05263157894737,0.0,0.0,84
927,fg = 5,bg != 791,120,76.66666666666667,22.5,0.0,0.8333333333333334,108
928,fg = 5,bg != 792,135,89.62962962962963,10.37037037037037,0.0,0.0,125
929,fg = 5,bg != 796,121,85.9504132231405,14.049586776859504,0.0,0.0,110
930,fg = 5,bg != 797,692,83.95953757225433,15.895953757225433,0.0,0.14450867052023122,619
931,fg = 5,bg != 798,111,85.58558558558559,14.414414414414415,0.0,0.0,100
932,fg = 5,bg != 799,692,83.95953757225433,15.895953757225433,0.0,0.14450867052023122,619
933,fg = 5,bg != 800,638,84.1692789968652,14.890282131661442,0.31347962382445144,0.6269592476489029,576
934,fg = 5,bg != 801,104,80.76923076923077,19.23076923076923,0.0,0.0,93
935,fg = 5,bg != 802,107,85.04672897196262,14.018691588785046,0.0,0.9345794392523364,103
936,fg = 5,bg != 806,104,83.65384615384616,16.346153846153847,0.0,0.0,93
937,fg = 5,bg != 807,116,85.34482758620689,13.793103448275861,0.8620689655172413,0.0,109
938,fg = 5,bg != 808,638,84.1692789968652,14.890282131661442,0.31347962382445144,0.6269592476489029,576
939,fg = 5,bg != 809,102,87.25490196078431,12.745098039215685,0.0,0.0,96
940,fg = 5,bg != 810,104,80.76923076923077,19.23076923076923,0.0,0.0,93
941,fg = 5,bg != 811,666,81.98198198198199,17.117117117117118,0.15015015015015015,0.7507507507507507,595
942,fg = 5,bg != 812,126,79.36507936507937,20.634920634920636,0.0,0.0,113
943,fg = 5,bg != 816,120,80.83333333333333,18.333333333333332,0.0,0.8333333333333334,106
944,fg = 5,bg != 817,115,84.34782608695652,14.782608695652174,0.8695652173913043,0.0,107
945,fg = 5,bg != 818,666,81.98198198198199,17.117117117117118,0.15015015015015015,0.7507507507507507,595
946,fg = 5,bg != 819,101,79.20792079207921,20.792079207920793,0.0,0.0,89
947,fg = 5,bg != 820,107,85.04672897196262,14.018691588785046,0.0,0.9345794392523364,103
948,fg = 5,bg != 821,126,79.36507936507937,20.634920634920636,0.0,0.0,113
949,fg = 5,bg != 822,694,84.14985590778097,15.561959654178674,0.0,0.2881844380403458,620
950,fg = 5,bg != 826,139,82.73381294964028,17.26618705035971,0.0,0.0,118
951,fg = 5,bg != 827,122,86.06557377049181,13.934426229508198,0.0,0.0,109
952,fg = 5,bg != 828,694,84.14985590778097,15.561959654178674,0.0,0.2881844380403458,620
953,fg = 5,bg != 829,106,83.9622641509434,15.09433962264151,0.0,0.9433962264150944,94
954,fg = 5,bg != 860,104,83.65384615384616,16.346153846153847,0.0,0.0,93
955,fg = 5,bg != 861,120,80.83333333333333,18.333333333333332,0.0,0.8333333333333334,106
956,fg = 5,bg != 862,139,82.73381294964028,17.26618705035971,0.0,0.0,118
957,fg = 5,bg != 866,693,82.3953823953824,16.883116883116884,0.1443001443001443,0.5772005772005772,612
958,fg = 5,bg != 867,115,90.43478260869566,8.695652173913043,0.0,0.8695652173913043,109
959,fg = 5,bg != 868,693,82.3953823953824,16.883116883116884,0.1443001443001443,0.5772005772005772,612
960,fg = 5,bg != 869,116,75.86206896551724,23.275862068965516,0.0,0.8620689655172413,95
961,fg = 5,bg != 870,116,85.34482758620689,13.793103448275861,0.8620689655172413,0.0,109
962,fg = 5,bg != 871,115,84.34782608695652,14.782608695652174,0.8695652173913043,0.0,107
963,fg = 5,bg != 872,122,86.06557377049181,13.934426229508198,0.0,0.0,109
964,fg = 5,bg != 876,115,90.43478260869566,8.695652173913043,0.0,0.8695652173913043,109
965,fg = 5,bg != 877,683,84.62664714494876,14.641288433382138,0.29282576866764276,0.43923865300146414,612
966,fg = 5,bg != 878,683,84.62664714494876,14.641288433382138,0.29282576866764276,0.43923865300146414,612
967,fg = 5,bg != 879,111,85.58558558558559,14.414414414414415,0.0,0.0,100
968,fg = 5,bg != 880,638,84.1692789968652,14.890282131661442,0.31347962382445144,0.6269592476489029,576
969,fg = 5,bg != 881,666,81.98198198198199,17.117117117117118,0.15015015015015015,0.7507507507507507,595
970,fg = 5,bg != 882,694,84.14985590778097,15.561959654178674,0.0,0.2881844380403458,620
971,fg = 5,bg != 886,693,82.3953823953824,16.883116883116884,0.1443001443001443,0.5772005772005772,612
972,fg = 5,bg != 887,683,84.62664714494876,14.641288433382138,0.29282576866764276,0.43923865300146414,612
973,fg = 5,bg != 888,2864,83.20530726256983,15.956703910614525,0.13966480446927373,0.6983240223463687,2534
974,fg = 5,bg != 889,634,82.64984227129338,17.034700315457414,0.0,0.31545741324921134,555
975,fg = 5,bg != 890,102,87.25490196078431,12.745098039215685,0.0,0.0,96
976,fg = 5,bg != 891,101,79.20792079207921,20.792079207920793,0.0,0.0,89
977,fg = 5,bg != 892,106,83.9622641509434,15.09433962264151,0.0,0.9433962264150944,94
978,fg = 5,bg != 896,116,75.86206896551724,23.275862068965516,0.0,0.8620689655172413,95
979,fg = 5,bg != 897,111,85.58558558558559,14.414414414414415,0.0,0.0,100
980,fg = 5,bg != 898,634,82.64984227129338,17.034700315457414,0.0,0.31545741324921134,555
981,fg = 5,bg != 899,634,82.64984227129338,17.034700315457414,0.0,0.31545741324921134,555
982,fg = 5,bg != 900,657,85.08371385083714,14.76407914764079,0.0,0.15220700152207,593
983,fg = 5,bg != 901,96,80.20833333333333,19.791666666666668,0.0,0.0,82
984,fg = 5,bg != 902,120,85.0,15.0,0.0,0.0,110
985,fg = 5,bg != 906,118,83.05084745762711,16.949152542372882,0.0,0.0,103
986,fg = 5,bg != 907,95,78.94736842105263,21.05263157894737,0.0,0.0,84
987,fg = 5,bg != 908,102,87.25490196078431,12.745098039215685,0.0,0.0,96
988,fg = 5,bg != 909,657,85.08371385083714,14.76407914764079,0.0,0.15220700152207,593
989,fg = 5,bg != 910,96,80.20833333333333,19.791666666666668,0.0,0.0,82
990,fg = 5,bg != 911,671,80.32786885245902,19.076005961251862,0.0,0.5961251862891207,598
991,fg = 5,bg != 912,120,80.0,20.0,0.0,0.0,109
992,fg = 5,bg != 916,113,86.72566371681415,12.389380530973451,0.0,0.8849557522123894,104
993,fg = 5,bg != 917,120,76.66666666666667,22.5,0.0,0.8333333333333334,108
994,fg = 5,bg != 918,101,79.20792079207921,20.792079207920793,0.0,0.0,89
995,fg = 5,bg != 919,671,80.32786885245902,19.076005961251862,0.0,0.5961251862891207,598
996,fg = 5,bg != 920,120,85.0,15.0,0.0,0.0,110
997,fg = 5,bg != 921,120,80.0,20.0,0.0,0.0,109
998,fg = 5,bg != 922,730,85.75342465753425,13.698630136986301,0.0,0.547945205479452,662
999,fg = 5,bg != 926,138,85.5072463768116,13.768115942028986,0.0,0.7246376811594203,121
1000,fg = 5,bg != 927,135,89.62962962962963,10.37037037037037,0.0,0.0,125
1001,fg = 5,bg != 928,106,83.9622641509434,15.09433962264151,0.0,0.9433962264150944,94
1002,fg = 5,bg != 929,730,85.75342465753425,13.698630136986301,0.0,0.547945205479452,662
1003,fg = 5,bg != 960,118,83.05084745762711,16.949152542372882,0.0,0.0,103
1004,fg = 5,bg != 961,113,86.72566371681415,12.389380530973451,0.0,0.8849557522123894,104
1005,fg = 5,bg != 962,138,85.5072463768116,13.768115942028986,0.0,0.7246376811594203,121
1006,fg = 5,bg != 966,723,83.40248962655602,15.767634854771785,0.0,0.8298755186721992,642
1007,fg = 5,bg != 967,121,85.9504132231405,14.049586776859504,0.0,0.0,110
1008,fg = 5,bg != 968,116,75.86206896551724,23.275862068965516,0.0,0.8620689655172413,95
1009,fg = 5,bg != 969,723,83.40248962655602,15.767634854771785,0.0,0.8298755186721992,642
1010,fg = 5,bg != 970,95,78.94736842105263,21.05263157894737,0.0,0.0,84
1011,fg = 5,bg != 971,120,76.66666666666667,22.5,0.0,0.8333333333333334,108
1012,fg = 5,bg != 972,135,89.62962962962963,10.37037037037037,0.0,0.0,125
1013,fg = 5,bg != 976,121,85.9504132231405,14.049586776859504,0.0,0.0,110
1014,fg = 5,bg != 977,692,83.95953757225433,15.895953757225433,0.0,0.14450867052023122,619
1015,fg = 5,bg != 978,111,85.58558558558559,14.414414414414415,0.0,0.0,100
1016,fg = 5,bg != 979,692,83.95953757225433,15.895953757225433,0.0,0.14450867052023122,619
1017,fg = 5,bg != 980,102,87.25490196078431,12.745098039215685,0.0,0.0,96
1018,fg = 5,bg != 981,101,79.20792079207921,20.792079207920793,0.0,0.0,89
1019,fg = 5,bg != 982,106,83.9622641509434,15.09433962264151,0.0,0.9433962264150944,94
1020,fg = 5,bg != 986,116,75.86206896551724,23.275862068965516,0.0,0.8620689655172413,95
1021,fg = 5,bg != 987,111,85.58558558558559,14.414414414414415,0.0,0.0,100
1022,fg = 5,bg != 988,634,82.64984227129338,17.034700315457414,0.0,0.31545741324921134,555
1023,fg = 5,bg != 989,634,82.64984227129338,17.034700315457414,0.0,0.31545741324921134,555
1024,fg = 5,bg != 990,657,85.08371385083714,14.76407914764079,0.0,0.15220700152207,593
1025,fg = 5,bg != 991,671,80.32786885245902,19.076005961251862,0.0,0.5961251862891207,598
1026,fg = 5,bg != 992,730,85.75342465753425,13.698630136986301,0.0,0.547945205479452,662
1027,fg = 5,bg != 996,723,83.40248962655602,15.767634854771785,0.0,0.8298755186721992,642
1028,fg = 5,bg != 997,692,83.95953757225433,15.895953757225433,0.0,0.14450867052023122,619
1029,fg = 5,bg != 998,634,82.64984227129338,17.034700315457414,0.0,0.31545741324921134,555
1030,fg = 5,bg != 999,2981,83.83092921838309,15.732975511573297,0.0,0.43609527004360954,2655
