sphere_radius,shell_radius,thickness,dimension,n_nodes,random_seed,epoch,accuracy,cost
1,1.6,1,2,2,100,91,84.200005,0.3795451
1,1.6,1,2,2,200,16,78.200005,0.5881032
1,1.6,1,2,2,300,0,55.4,0.7799896
1,1.6,1,2,2,400,42,62.800003,0.686704
1,1.6,1,2,2,500,241,83.200005,0.39135268
1,1.6,1,2,2,600,131,79.8,0.4451703
1,1.6,1,2,2,700,320,83.4,0.3826232
1,1.6,1,2,2,800,155,66.8,0.57786
1,1.6,1,2,2,900,77,82.00001,0.4621464
1,1.6,1,2,2,1000,145,83.8,0.38049206
1,1.6,1,2,3,100,94,98.0,0.15976225
1,1.6,1,2,3,200,232,97.4,0.12095471
1,1.6,1,2,3,300,145,83.200005,0.39379406
1,1.6,1,2,3,400,146,97.200005,0.118841775
1,1.6,1,2,3,500,178,97.4,0.13075173
1,1.6,1,2,3,600,135,98.4,0.14327896
1,1.6,1,2,3,700,168,98.200005,0.117475584
1,1.6,1,2,3,800,97,97.8,0.13806772
1,1.6,1,2,3,900,101,98.8,0.15844212
1,1.6,1,2,3,1000,259,98.4,0.11164649
1,1.6,1,2,5,100,88,98.600006,0.16780937
1,1.6,1,2,5,200,105,98.8,0.12078395
1,1.6,1,2,5,300,116,98.8,0.14201935
1,1.6,1,2,5,400,70,98.8,0.15643188
1,1.6,1,2,5,500,37,82.8,0.5056647
1,1.6,1,2,5,600,85,98.4,0.15398681
1,1.6,1,2,5,700,94,98.600006,0.12395955
1,1.6,1,2,5,800,85,99.4,0.13993128
1,1.6,1,2,5,900,136,99.00001,0.114673726
1,1.6,1,2,5,1000,138,97.600006,0.13021077
1,1.6,1,2,7,100,176,99.4,0.08325365
1,1.6,1,2,7,200,94,99.600006,0.1037832
1,1.6,1,2,7,300,69,99.00001,0.15185426
1,1.6,1,2,7,400,110,99.600006,0.102016576
1,1.6,1,2,7,500,96,100.0,0.10909847
1,1.6,1,2,7,600,175,99.4,0.071581066
1,1.6,1,2,7,700,103,99.200005,0.09956233
1,1.6,1,2,7,800,164,99.600006,0.081868105
1,1.6,1,2,7,900,94,99.4,0.133432
1,1.6,1,2,7,1000,82,99.00001,0.15460129
1,1.6,1,2,9,100,88,99.600006,0.11881898
1,1.6,1,2,9,200,104,99.00001,0.097034864
1,1.6,1,2,9,300,65,99.600006,0.1474903
1,1.6,1,2,9,400,72,99.8,0.14171025
1,1.6,1,2,9,500,75,99.00001,0.13660866
1,1.6,1,2,9,600,109,98.600006,0.11512388
1,1.6,1,2,9,700,86,99.4,0.1275177
1,1.6,1,2,9,800,84,98.8,0.14258467
1,1.6,1,2,9,900,117,100.0,0.09665269
1,1.6,1,2,9,1000,85,99.200005,0.1366045
1,1.6,1,2,11,100,50,99.600006,0.19437872
1,1.6,1,2,11,200,72,99.8,0.13982911
1,1.6,1,2,11,300,76,99.600006,0.1245981
1,1.6,1,2,11,400,68,99.8,0.12625918
1,1.6,1,2,11,500,67,99.600006,0.14453179
1,1.6,1,2,11,600,98,100.0,0.11819059
1,1.6,1,2,11,700,79,99.600006,0.12233578
1,1.6,1,2,11,800,85,99.600006,0.12258053
1,1.6,1,2,11,900,102,99.8,0.092694886
1,1.6,1,2,11,1000,41,99.00001,0.22973718
1,1.6,1,3,3,100,249,90.200005,0.20660776
1,1.6,1,3,3,200,105,85.8,0.29489887
1,1.6,1,3,3,300,181,91.600006,0.225748
1,1.6,1,3,3,400,236,90.8,0.23132908
1,1.6,1,3,3,500,112,76.40001,0.48769385
1,1.6,1,3,3,600,159,92.4,0.24357286
1,1.6,1,3,3,700,90,68.8,0.56071335
1,1.6,1,3,3,800,129,91.4,0.205905
1,1.6,1,3,3,900,234,91.600006,0.21615934
1,1.6,1,3,3,1000,167,71.8,0.5303599
1,1.6,1,3,4,100,202,96.8,0.11769495
1,1.6,1,3,4,200,170,98.4,0.12036346
1,1.6,1,3,4,300,147,90.6,0.23596345
1,1.6,1,3,4,400,172,97.4,0.123589434
1,1.6,1,3,4,500,174,92.4,0.20143244
1,1.6,1,3,4,600,134,98.600006,0.11676416
1,1.6,1,3,4,700,160,98.600006,0.12502018
1,1.6,1,3,4,800,228,98.4,0.109480664
1,1.6,1,3,4,900,219,97.8,0.11720913
1,1.6,1,3,4,1000,167,90.8,0.22434212
1,1.6,1,3,6,100,184,98.4,0.12391418
1,1.6,1,3,6,200,208,98.0,0.1327204
1,1.6,1,3,6,300,153,98.200005,0.12290779
1,1.6,1,3,6,400,130,98.0,0.1250268
1,1.6,1,3,6,500,140,98.8,0.11358539
1,1.6,1,3,6,600,54,91.0,0.42473802
1,1.6,1,3,6,700,126,98.8,0.114239976
1,1.6,1,3,6,800,184,97.8,0.111105464
1,1.6,1,3,6,900,115,98.4,0.1366452
1,1.6,1,3,6,1000,128,98.8,0.107415736
1,1.6,1,3,8,100,159,99.200005,0.09788548
1,1.6,1,3,8,200,133,99.200005,0.10379125
1,1.6,1,3,8,300,143,98.8,0.09766837
1,1.6,1,3,8,400,140,99.600006,0.10405425
1,1.6,1,3,8,500,141,98.8,0.10963619
1,1.6,1,3,8,600,126,99.200005,0.11815425
1,1.6,1,3,8,700,175,97.600006,0.109422594
1,1.6,1,3,8,800,129,99.00001,0.11304171
1,1.6,1,3,8,900,133,98.8,0.1287921
1,1.6,1,3,8,1000,123,99.200005,0.114430144
1,1.6,1,3,10,100,127,98.600006,0.12004414
1,1.6,1,3,10,200,127,99.4,0.108419344
1,1.6,1,3,10,300,138,98.0,0.106194615
1,1.6,1,3,10,400,184,99.00001,0.09605144
1,1.6,1,3,10,500,103,99.4,0.12686116
1,1.6,1,3,10,600,113,99.600006,0.13074982
1,1.6,1,3,10,700,184,99.600006,0.097234905
1,1.6,1,3,10,800,141,99.8,0.09448051
1,1.6,1,3,10,900,110,99.00001,0.12829532
1,1.6,1,3,10,1000,211,99.600006,0.07584806
1,1.6,1,3,12,100,145,99.4,0.09811323
1,1.6,1,3,12,200,120,99.4,0.11469638
1,1.6,1,3,12,300,111,99.00001,0.112564236
1,1.6,1,3,12,400,108,98.8,0.121356495
1,1.6,1,3,12,500,119,99.4,0.1252613
1,1.6,1,3,12,600,101,99.00001,0.14491023
1,1.6,1,3,12,700,166,99.600006,0.086470746
1,1.6,1,3,12,800,141,99.8,0.10760363
1,1.6,1,3,12,900,129,99.4,0.117946275
1,1.6,1,3,12,1000,90,99.200005,0.13621265
1,1.6,1,4,4,100,110,90.8,0.24063365
1,1.6,1,4,4,200,131,95.200005,0.19187596
1,1.6,1,4,4,300,136,93.00001,0.21399723
1,1.6,1,4,4,400,279,95.600006,0.14214852
1,1.6,1,4,4,500,344,97.200005,0.11021245
1,1.6,1,4,4,600,163,91.8,0.20350724
1,1.6,1,4,4,700,299,93.600006,0.20671967
1,1.6,1,4,4,800,153,95.8,0.1450747
1,1.6,1,4,4,900,151,93.00001,0.19437991
1,1.6,1,4,4,1000,227,92.4,0.20822735
1,1.6,1,4,5,100,164,97.600006,0.12593451
1,1.6,1,4,5,200,125,89.8,0.2797524
1,1.6,1,4,5,300,202,98.0,0.09968378
1,1.6,1,4,5,400,176,98.600006,0.110554144
1,1.6,1,4,5,500,147,97.4,0.13583127
1,1.6,1,4,5,600,199,93.8,0.1857994
1,1.6,1,4,5,700,186,98.200005,0.10258076
1,1.6,1,4,5,800,231,98.8,0.09091764
1,1.6,1,4,5,900,190,97.0,0.13925953
1,1.6,1,4,5,1000,123,96.0,0.16200154
1,1.6,1,4,7,100,128,96.6,0.14068992
1,1.6,1,4,7,200,208,99.600006,0.08278589
1,1.6,1,4,7,300,141,98.4,0.12341359
1,1.6,1,4,7,400,130,98.4,0.12014754
1,1.6,1,4,7,500,248,98.0,0.099755555
1,1.6,1,4,7,600,151,97.0,0.12660083
1,1.6,1,4,7,700,126,98.0,0.13262697
1,1.6,1,4,7,800,136,97.8,0.12929784
1,1.6,1,4,7,900,119,98.0,0.12427594
1,1.6,1,4,7,1000,71,96.4,0.18850555
1,1.6,1,4,9,100,122,98.4,0.10577572
1,1.6,1,4,9,200,168,98.600006,0.09269631
1,1.6,1,4,9,300,112,95.600006,0.17341183
1,1.6,1,4,9,400,165,99.200005,0.08066284
1,1.6,1,4,9,500,106,97.8,0.13428485
1,1.6,1,4,9,600,132,96.6,0.13361351
1,1.6,1,4,9,700,139,99.00001,0.09643414
1,1.6,1,4,9,800,137,98.0,0.116339594
1,1.6,1,4,9,900,221,99.600006,0.06949469
1,1.6,1,4,9,1000,166,98.4,0.119585946
1,1.6,1,4,11,100,188,98.4,0.1037747
1,1.6,1,4,11,200,109,98.4,0.15730098
1,1.6,1,4,11,300,131,97.8,0.11597121
1,1.6,1,4,11,400,161,98.600006,0.09307693
1,1.6,1,4,11,500,111,99.00001,0.12872452
1,1.6,1,4,11,600,113,98.200005,0.11266507
1,1.6,1,4,11,700,98,99.200005,0.14391929
1,1.6,1,4,11,800,124,97.4,0.15116015
1,1.6,1,4,11,900,150,99.00001,0.08353972
1,1.6,1,4,11,1000,173,98.600006,0.08945278
1,1.6,1,4,13,100,196,99.600006,0.073822014
1,1.6,1,4,13,200,136,99.200005,0.09276117
1,1.6,1,4,13,300,130,99.00001,0.08888647
1,1.6,1,4,13,400,151,99.4,0.08041316
1,1.6,1,4,13,500,126,99.00001,0.10245404
1,1.6,1,4,13,600,143,98.4,0.09675399
1,1.6,1,4,13,700,131,98.600006,0.10776641
1,1.6,1,4,13,800,125,98.600006,0.12835751
1,1.6,1,4,13,900,140,99.200005,0.09156793
1,1.6,1,4,13,1000,99,99.200005,0.1414681
1,1.6,1,5,5,100,217,93.4,0.16965945
1,1.6,1,5,5,200,252,98.0,0.106986515
1,1.6,1,5,5,300,287,96.200005,0.12223096
1,1.6,1,5,5,400,255,96.8,0.13760695
1,1.6,1,5,5,500,170,94.80001,0.18530482
1,1.6,1,5,5,600,273,96.8,0.118813515
1,1.6,1,5,5,700,129,92.8,0.21740004
1,1.6,1,5,5,800,238,93.8,0.17425247
1,1.6,1,5,5,900,75,92.0,0.2846919
1,1.6,1,5,5,1000,195,95.200005,0.17591275
1,1.6,1,5,6,100,205,95.200005,0.16186485
1,1.6,1,5,6,200,183,97.4,0.14118418
1,1.6,1,5,6,300,224,96.200005,0.14420167
1,1.6,1,5,6,400,186,97.600006,0.13421334
1,1.6,1,5,6,500,262,96.4,0.115733966
1,1.6,1,5,6,600,212,95.200005,0.16720013
1,1.6,1,5,6,700,241,96.6,0.12974481
1,1.6,1,5,6,800,219,94.00001,0.18502203
1,1.6,1,5,6,900,288,95.200005,0.15536362
1,1.6,1,5,6,1000,289,96.0,0.13151701
1,1.6,1,5,8,100,230,98.200005,0.1016521
1,1.6,1,5,8,200,190,95.200005,0.14344558
1,1.6,1,5,8,300,239,98.600006,0.090064384
1,1.6,1,5,8,400,126,96.8,0.16023006
1,1.6,1,5,8,500,225,98.8,0.12677711
1,1.6,1,5,8,600,147,96.4,0.14331038
1,1.6,1,5,8,700,113,94.40001,0.1937574
1,1.6,1,5,8,800,249,99.00001,0.0949948
1,1.6,1,5,8,900,93,95.40001,0.1835297
1,1.6,1,5,8,1000,187,97.8,0.1351193
1,1.6,1,5,10,100,161,97.4,0.11716689
1,1.6,1,5,10,200,211,99.600006,0.09579672
1,1.6,1,5,10,300,297,99.00001,0.09841165
1,1.6,1,5,10,400,216,96.6,0.12942243
1,1.6,1,5,10,500,199,97.600006,0.124978915
1,1.6,1,5,10,600,234,98.600006,0.10474536
1,1.6,1,5,10,700,202,98.600006,0.1267775
1,1.6,1,5,10,800,233,98.600006,0.10977184
1,1.6,1,5,10,900,155,96.6,0.16658524
1,1.6,1,5,10,1000,220,98.0,0.10658706
1,1.6,1,5,12,100,173,98.8,0.10861973
1,1.6,1,5,12,200,177,97.600006,0.12461552
1,1.6,1,5,12,300,136,98.200005,0.11955167
1,1.6,1,5,12,400,228,99.600006,0.07687036
1,1.6,1,5,12,500,196,99.4,0.09914241
1,1.6,1,5,12,600,235,98.200005,0.11075726
1,1.6,1,5,12,700,198,99.00001,0.09493272
1,1.6,1,5,12,800,171,98.4,0.12143754
1,1.6,1,5,12,900,206,97.8,0.103496574
1,1.6,1,5,12,1000,128,96.6,0.17088048
1,1.6,1,5,14,100,211,98.4,0.09673049
1,1.6,1,5,14,200,177,98.600006,0.10421106
1,1.6,1,5,14,300,188,99.00001,0.103019215
1,1.6,1,5,14,400,128,99.00001,0.12392808
1,1.6,1,5,14,500,230,98.600006,0.1126837
1,1.6,1,5,14,600,197,98.0,0.11767667
1,1.6,1,5,14,700,200,99.4,0.0924395
1,1.6,1,5,14,800,213,98.8,0.09613614
1,1.6,1,5,14,900,167,98.600006,0.10960951
1,1.6,1,5,14,1000,93,97.0,0.17592953
1,1.6,1,6,6,100,148,96.200005,0.15664083
1,1.6,1,6,6,200,140,91.0,0.23115805
1,1.6,1,6,6,300,166,96.6,0.13157643
1,1.6,1,6,6,400,212,98.0,0.10974997
1,1.6,1,6,6,500,154,96.4,0.16598599
1,1.6,1,6,6,600,152,94.80001,0.17725566
1,1.6,1,6,6,700,201,97.0,0.12856723
1,1.6,1,6,6,800,141,96.200005,0.16197462
1,1.6,1,6,6,900,210,97.600006,0.11150602
1,1.6,1,6,6,1000,318,97.0,0.124540925
1,1.6,1,6,7,100,202,98.4,0.11160205
1,1.6,1,6,7,200,165,97.600006,0.13408478
1,1.6,1,6,7,300,181,99.00001,0.09812062
1,1.6,1,6,7,400,148,96.8,0.13294458
1,1.6,1,6,7,500,140,96.4,0.1618385
1,1.6,1,6,7,600,120,94.40001,0.18899378
1,1.6,1,6,7,700,196,98.200005,0.10919511
1,1.6,1,6,7,800,191,96.8,0.13476758
1,1.6,1,6,7,900,156,98.600006,0.10914446
1,1.6,1,6,7,1000,203,97.200005,0.1194676
1,1.6,1,6,9,100,133,98.0,0.14307322
1,1.6,1,6,9,200,190,98.4,0.11751521
1,1.6,1,6,9,300,150,98.4,0.12395282
1,1.6,1,6,9,400,134,95.600006,0.14726663
1,1.6,1,6,9,500,104,96.8,0.15556173
1,1.6,1,6,9,600,196,99.00001,0.08452665
1,1.6,1,6,9,700,183,98.200005,0.110884726
1,1.6,1,6,9,800,198,97.600006,0.12665682
1,1.6,1,6,9,900,220,98.600006,0.09203783
1,1.6,1,6,9,1000,146,98.200005,0.13129018
1,1.6,1,6,11,100,125,98.0,0.13601856
1,1.6,1,6,11,200,225,99.00001,0.10247358
1,1.6,1,6,11,300,141,98.200005,0.116052486
1,1.6,1,6,11,400,106,97.600006,0.16900681
1,1.6,1,6,11,500,134,97.600006,0.14298642
1,1.6,1,6,11,600,112,98.200005,0.14179024
1,1.6,1,6,11,700,112,97.600006,0.13426107
1,1.6,1,6,11,800,142,97.0,0.13611303
1,1.6,1,6,11,900,164,98.0,0.11174959
1,1.6,1,6,11,1000,143,97.600006,0.14817597
1,1.6,1,6,13,100,168,99.200005,0.105071515
1,1.6,1,6,13,200,151,98.200005,0.11687642
1,1.6,1,6,13,300,119,98.4,0.13961194
1,1.6,1,6,13,400,142,97.4,0.12273727
1,1.6,1,6,13,500,159,99.200005,0.10094383
1,1.6,1,6,13,600,131,98.4,0.13513426
1,1.6,1,6,13,700,191,98.600006,0.10413584
1,1.6,1,6,13,800,160,98.4,0.11059302
1,1.6,1,6,13,900,173,98.4,0.11333678
1,1.6,1,6,13,1000,108,98.0,0.14929283
1,1.6,1,6,15,100,145,98.600006,0.11963406
1,1.6,1,6,15,200,153,98.4,0.12856731
1,1.6,1,6,15,300,119,98.200005,0.12997718
1,1.6,1,6,15,400,141,98.4,0.11791187
1,1.6,1,6,15,500,114,98.4,0.1367588
1,1.6,1,6,15,600,167,99.00001,0.12268143
1,1.6,1,6,15,700,138,98.200005,0.1117527
1,1.6,1,6,15,800,122,98.4,0.1257234
1,1.6,1,6,15,900,161,98.8,0.10490648
1,1.6,1,6,15,1000,109,97.8,0.14474173
1,1.6,1,2,2,100,91,84.200005,0.3795451
1,1.6,1,2,2,200,16,78.200005,0.5881032
1,1.6,1,2,2,300,0,55.4,0.7799896
1,1.6,1,2,2,400,42,62.800003,0.686704
1,1.6,1,2,2,500,241,83.200005,0.39135268
1,1.6,1,2,2,600,131,79.8,0.4451703
1,1.6,1,2,2,700,320,83.4,0.3826232
1,1.6,1,2,2,800,155,66.8,0.57786
1,1.6,1,2,2,900,77,82.00001,0.4621464
1,1.6,1,2,2,1000,145,83.8,0.38049206
1,1.6,1,2,3,100,94,98.0,0.15976225
1,1.6,1,2,3,200,232,97.4,0.12095471
1,1.6,1,2,3,300,145,83.200005,0.39379406
1,1.6,1,2,3,400,146,97.200005,0.118841775
1,1.6,1,2,3,500,178,97.4,0.13075173
1,1.6,1,2,3,600,135,98.4,0.14327896
1,1.6,1,2,3,700,168,98.200005,0.117475584
1,1.6,1,2,3,800,97,97.8,0.13806772
1,1.6,1,2,3,900,101,98.8,0.15844212
1,1.6,1,2,3,1000,259,98.4,0.11164649
1,1.6,1,2,5,100,88,98.600006,0.16780937
1,1.6,1,2,5,200,105,98.8,0.12078395
1,1.6,1,2,5,300,116,98.8,0.14201935
1,1.6,1,2,5,400,70,98.8,0.15643188
1,1.6,1,2,5,500,37,82.8,0.5056647
1,1.6,1,2,5,600,85,98.4,0.15398681
1,1.6,1,2,5,700,94,98.600006,0.12395955
1,1.6,1,2,5,800,85,99.4,0.13993128
1,1.6,1,2,5,900,136,99.00001,0.114673726
1,1.6,1,2,5,1000,138,97.600006,0.13021077
1,1.6,1,2,7,100,176,99.4,0.08325365
1,1.6,1,2,7,200,94,99.600006,0.1037832
1,1.6,1,2,7,300,69,99.00001,0.15185426
1,1.6,1,2,7,400,110,99.600006,0.102016576
1,1.6,1,2,7,500,96,100.0,0.10909847
1,1.6,1,2,7,600,175,99.4,0.071581066
1,1.6,1,2,7,700,103,99.200005,0.09956233
1,1.6,1,2,7,800,164,99.600006,0.081868105
1,1.6,1,2,7,900,94,99.4,0.133432
1,1.6,1,2,7,1000,82,99.00001,0.15460129
1,1.6,1,2,9,100,88,99.600006,0.11881898
1,1.6,1,2,9,200,104,99.00001,0.097034864
1,1.6,1,2,9,300,65,99.600006,0.1474903
1,1.6,1,2,9,400,72,99.8,0.14171025
1,1.6,1,2,9,500,75,99.00001,0.13660866
1,1.6,1,2,9,600,109,98.600006,0.11512388
1,1.6,1,2,9,700,86,99.4,0.1275177
1,1.6,1,2,9,800,84,98.8,0.14258467
1,1.6,1,2,9,900,117,100.0,0.09665269
1,1.6,1,2,9,1000,85,99.200005,0.1366045
1,1.6,1,2,11,100,50,99.600006,0.19437872
1,1.6,1,2,11,200,72,99.8,0.13982911
1,1.6,1,2,11,300,76,99.600006,0.1245981
1,1.6,1,2,11,400,68,99.8,0.12625918
1,1.6,1,2,11,500,67,99.600006,0.14453179
1,1.6,1,2,11,600,98,100.0,0.11819059
1,1.6,1,2,11,700,79,99.600006,0.12233578
1,1.6,1,2,11,800,85,99.600006,0.12258053
1,1.6,1,2,11,900,102,99.8,0.092694886
1,1.6,1,2,11,1000,41,99.00001,0.22973718
1,1.6,1,3,3,100,249,90.200005,0.20660776
1,1.6,1,3,3,200,105,85.8,0.29489887
1,1.6,1,3,3,300,181,91.600006,0.225748
1,1.6,1,3,3,400,236,90.8,0.23132908
1,1.6,1,3,3,500,112,76.40001,0.48769385
1,1.6,1,3,3,600,159,92.4,0.24357286
1,1.6,1,3,3,700,90,68.8,0.56071335
1,1.6,1,3,3,800,129,91.4,0.205905
1,1.6,1,3,3,900,234,91.600006,0.21615934
1,1.6,1,3,3,1000,167,71.8,0.5303599
1,1.6,1,3,4,100,202,96.8,0.11769495
1,1.6,1,3,4,200,170,98.4,0.12036346
1,1.6,1,3,4,300,147,90.6,0.23596345
1,1.6,1,3,4,400,172,97.4,0.123589434
1,1.6,1,3,4,500,174,92.4,0.20143244
1,1.6,1,3,4,600,134,98.600006,0.11676416
1,1.6,1,3,4,700,160,98.600006,0.12502018
1,1.6,1,3,4,800,228,98.4,0.109480664
1,1.6,1,3,4,900,219,97.8,0.11720913
1,1.6,1,3,4,1000,167,90.8,0.22434212
1,1.6,1,3,6,100,184,98.4,0.12391418
1,1.6,1,3,6,200,208,98.0,0.1327204
1,1.6,1,3,6,300,153,98.200005,0.12290779
1,1.6,1,3,6,400,130,98.0,0.1250268
1,1.6,1,3,6,500,140,98.8,0.11358539
1,1.6,1,3,6,600,54,91.0,0.42473802
1,1.6,1,3,6,700,126,98.8,0.114239976
1,1.6,1,3,6,800,184,97.8,0.111105464
1,1.6,1,3,6,900,115,98.4,0.1366452
1,1.6,1,3,6,1000,128,98.8,0.107415736
1,1.6,1,3,8,100,159,99.200005,0.09788548
1,1.6,1,3,8,200,133,99.200005,0.10379125
1,1.6,1,3,8,300,143,98.8,0.09766837
1,1.6,1,3,8,400,140,99.600006,0.10405425
1,1.6,1,3,8,500,141,98.8,0.10963619
1,1.6,1,3,8,600,126,99.200005,0.11815425
1,1.6,1,3,8,700,175,97.600006,0.109422594
1,1.6,1,3,8,800,129,99.00001,0.11304171
1,1.6,1,3,8,900,133,98.8,0.1287921
1,1.6,1,3,8,1000,123,99.200005,0.114430144
1,1.6,1,3,10,100,127,98.600006,0.12004414
1,1.6,1,3,10,200,127,99.4,0.108419344
1,1.6,1,3,10,300,138,98.0,0.106194615
1,1.6,1,3,10,400,184,99.00001,0.09605144
1,1.6,1,3,10,500,103,99.4,0.12686116
1,1.6,1,3,10,600,113,99.600006,0.13074982
1,1.6,1,3,10,700,184,99.600006,0.097234905
1,1.6,1,3,10,800,141,99.8,0.09448051
1,1.6,1,3,10,900,110,99.00001,0.12829532
1,1.6,1,3,10,1000,211,99.600006,0.07584806
1,1.6,1,3,12,100,145,99.4,0.09811323
1,1.6,1,3,12,200,120,99.4,0.11469638
1,1.6,1,3,12,300,111,99.00001,0.112564236
1,1.6,1,3,12,400,108,98.8,0.121356495
1,1.6,1,3,12,500,119,99.4,0.1252613
1,1.6,1,3,12,600,101,99.00001,0.14491023
1,1.6,1,3,12,700,166,99.600006,0.086470746
1,1.6,1,3,12,800,141,99.8,0.10760363
1,1.6,1,3,12,900,129,99.4,0.117946275
1,1.6,1,3,12,1000,90,99.200005,0.13621265
1,1.6,1,4,4,100,110,90.8,0.24063365
1,1.6,1,4,4,200,131,95.200005,0.19187596
1,1.6,1,4,4,300,136,93.00001,0.21399723
1,1.6,1,4,4,400,279,95.600006,0.14214852
1,1.6,1,4,4,500,344,97.200005,0.11021245
1,1.6,1,4,4,600,163,91.8,0.20350724
1,1.6,1,4,4,700,299,93.600006,0.20671967
1,1.6,1,4,4,800,153,95.8,0.1450747
1,1.6,1,4,4,900,151,93.00001,0.19437991
1,1.6,1,4,4,1000,227,92.4,0.20822735
1,1.6,1,4,5,100,164,97.600006,0.12593451
1,1.6,1,4,5,200,125,89.8,0.2797524
1,1.6,1,4,5,300,202,98.0,0.09968378
1,1.6,1,4,5,400,176,98.600006,0.110554144
1,1.6,1,4,5,500,147,97.4,0.13583127
1,1.6,1,4,5,600,199,93.8,0.1857994
1,1.6,1,4,5,700,186,98.200005,0.10258076
1,1.6,1,4,5,800,231,98.8,0.09091764
1,1.6,1,4,5,900,190,97.0,0.13925953
1,1.6,1,4,5,1000,123,96.0,0.16200154
1,1.6,1,4,7,100,128,96.6,0.14068992
1,1.6,1,4,7,200,208,99.600006,0.08278589
1,1.6,1,4,7,300,141,98.4,0.12341359
1,1.6,1,4,7,400,130,98.4,0.12014754
1,1.6,1,4,7,500,248,98.0,0.099755555
1,1.6,1,4,7,600,151,97.0,0.12660083
1,1.6,1,4,7,700,126,98.0,0.13262697
1,1.6,1,4,7,800,136,97.8,0.12929784
1,1.6,1,4,7,900,119,98.0,0.12427594
1,1.6,1,4,7,1000,71,96.4,0.18850555
1,1.6,1,4,9,100,122,98.4,0.10577572
1,1.6,1,4,9,200,168,98.600006,0.09269631
1,1.6,1,4,9,300,112,95.600006,0.17341183
1,1.6,1,4,9,400,165,99.200005,0.08066284
1,1.6,1,4,9,500,106,97.8,0.13428485
1,1.6,1,4,9,600,132,96.6,0.13361351
1,1.6,1,4,9,700,139,99.00001,0.09643414
1,1.6,1,4,9,800,137,98.0,0.116339594
1,1.6,1,4,9,900,221,99.600006,0.06949469
1,1.6,1,4,9,1000,166,98.4,0.119585946
1,1.6,1,4,11,100,188,98.4,0.1037747
1,1.6,1,4,11,200,109,98.4,0.15730098
1,1.6,1,4,11,300,131,97.8,0.11597121
1,1.6,1,4,11,400,161,98.600006,0.09307693
1,1.6,1,4,11,500,111,99.00001,0.12872452
1,1.6,1,4,11,600,113,98.200005,0.11266507
1,1.6,1,4,11,700,98,99.200005,0.14391929
1,1.6,1,4,11,800,124,97.4,0.15116015
1,1.6,1,4,11,900,150,99.00001,0.08353972
1,1.6,1,4,11,1000,173,98.600006,0.08945278
1,1.6,1,4,13,100,196,99.600006,0.073822014
1,1.6,1,4,13,200,136,99.200005,0.09276117
1,1.6,1,4,13,300,130,99.00001,0.08888647
1,1.6,1,4,13,400,151,99.4,0.08041316
1,1.6,1,4,13,500,126,99.00001,0.10245404
1,1.6,1,4,13,600,143,98.4,0.09675399
1,1.6,1,4,13,700,131,98.600006,0.10776641
1,1.6,1,4,13,800,125,98.600006,0.12835751
1,1.6,1,4,13,900,140,99.200005,0.09156793
1,1.6,1,4,13,1000,99,99.200005,0.1414681
1,1.6,1,5,5,100,217,93.4,0.16965945
1,1.6,1,5,5,200,252,98.0,0.106986515
1,1.6,1,5,5,300,287,96.200005,0.12223096
1,1.6,1,5,5,400,255,96.8,0.13760695
1,1.6,1,5,5,500,170,94.80001,0.18530482
1,1.6,1,5,5,600,273,96.8,0.118813515
1,1.6,1,5,5,700,129,92.8,0.21740004
1,1.6,1,5,5,800,238,93.8,0.17425247
1,1.6,1,5,5,900,75,92.0,0.2846919
1,1.6,1,5,5,1000,195,95.200005,0.17591275
1,1.6,1,5,6,100,205,95.200005,0.16186485
1,1.6,1,5,6,200,183,97.4,0.14118418
1,1.6,1,5,6,300,224,96.200005,0.14420167
1,1.6,1,5,6,400,186,97.600006,0.13421334
1,1.6,1,5,6,500,262,96.4,0.115733966
1,1.6,1,5,6,600,212,95.200005,0.16720013
1,1.6,1,5,6,700,241,96.6,0.12974481
1,1.6,1,5,6,800,219,94.00001,0.18502203
1,1.6,1,5,6,900,288,95.200005,0.15536362
1,1.6,1,5,6,1000,289,96.0,0.13151701
1,1.6,1,5,8,100,230,98.200005,0.1016521
1,1.6,1,5,8,200,190,95.200005,0.14344558
1,1.6,1,5,8,300,239,98.600006,0.090064384
1,1.6,1,5,8,400,126,96.8,0.16023006
1,1.6,1,5,8,500,225,98.8,0.12677711
1,1.6,1,5,8,600,147,96.4,0.14331038
1,1.6,1,5,8,700,113,94.40001,0.1937574
1,1.6,1,5,8,800,249,99.00001,0.0949948
1,1.6,1,5,8,900,93,95.40001,0.1835297
1,1.6,1,5,8,1000,187,97.8,0.1351193
1,1.6,1,5,10,100,161,97.4,0.11716689
1,1.6,1,5,10,200,211,99.600006,0.09579672
1,1.6,1,5,10,300,297,99.00001,0.09841165
1,1.6,1,5,10,400,216,96.6,0.12942243
1,1.6,1,5,10,500,199,97.600006,0.124978915
1,1.6,1,5,10,600,234,98.600006,0.10474536
1,1.6,1,5,10,700,202,98.600006,0.1267775
1,1.6,1,5,10,800,233,98.600006,0.10977184
1,1.6,1,5,10,900,155,96.6,0.16658524
1,1.6,1,5,10,1000,220,98.0,0.10658706
1,1.6,1,5,12,100,173,98.8,0.10861973
1,1.6,1,5,12,200,177,97.600006,0.12461552
1,1.6,1,5,12,300,136,98.200005,0.11955167
1,1.6,1,5,12,400,228,99.600006,0.07687036
1,1.6,1,5,12,500,196,99.4,0.09914241
1,1.6,1,5,12,600,235,98.200005,0.11075726
1,1.6,1,5,12,700,198,99.00001,0.09493272
1,1.6,1,5,12,800,171,98.4,0.12143754
1,1.6,1,5,12,900,206,97.8,0.103496574
1,1.6,1,5,12,1000,128,96.6,0.17088048
1,1.6,1,5,14,100,211,98.4,0.09673049
1,1.6,1,5,14,200,177,98.600006,0.10421106
1,1.6,1,5,14,300,188,99.00001,0.103019215
1,1.6,1,5,14,400,128,99.00001,0.12392808
1,1.6,1,5,14,500,230,98.600006,0.1126837
1,1.6,1,5,14,600,197,98.0,0.11767667
1,1.6,1,5,14,700,200,99.4,0.0924395
1,1.6,1,5,14,800,213,98.8,0.09613614
1,1.6,1,5,14,900,167,98.600006,0.10960951
1,1.6,1,5,14,1000,93,97.0,0.17592953
1,1.6,1,6,6,100,148,96.200005,0.15664083
1,1.6,1,6,6,200,140,91.0,0.23115805
1,1.6,1,6,6,300,166,96.6,0.13157643
1,1.6,1,6,6,400,212,98.0,0.10974997
1,1.6,1,6,6,500,154,96.4,0.16598599
1,1.6,1,6,6,600,152,94.80001,0.17725566
1,1.6,1,6,6,700,201,97.0,0.12856723
1,1.6,1,6,6,800,141,96.200005,0.16197462
1,1.6,1,6,6,900,210,97.600006,0.11150602
1,1.6,1,6,6,1000,318,97.0,0.124540925
1,1.6,1,6,7,100,202,98.4,0.11160205
1,1.6,1,6,7,200,165,97.600006,0.13408478
1,1.6,1,6,7,300,181,99.00001,0.09812062
1,1.6,1,6,7,400,148,96.8,0.13294458
1,1.6,1,6,7,500,140,96.4,0.1618385
1,1.6,1,6,7,600,120,94.40001,0.18899378
1,1.6,1,6,7,700,196,98.200005,0.10919511
1,1.6,1,6,7,800,191,96.8,0.13476758
1,1.6,1,6,7,900,156,98.600006,0.10914446
1,1.6,1,6,7,1000,203,97.200005,0.1194676
1,1.6,1,6,9,100,133,98.0,0.14307322
1,1.6,1,6,9,200,190,98.4,0.11751521
1,1.6,1,6,9,300,150,98.4,0.12395282
1,1.6,1,6,9,400,134,95.600006,0.14726663
1,1.6,1,6,9,500,104,96.8,0.15556173
1,1.6,1,6,9,600,196,99.00001,0.08452665
1,1.6,1,6,9,700,183,98.200005,0.110884726
1,1.6,1,6,9,800,198,97.600006,0.12665682
1,1.6,1,6,9,900,220,98.600006,0.09203783
1,1.6,1,6,9,1000,146,98.200005,0.13129018
1,1.6,1,6,11,100,125,98.0,0.13601856
1,1.6,1,6,11,200,225,99.00001,0.10247358
1,1.6,1,6,11,300,141,98.200005,0.116052486
1,1.6,1,6,11,400,106,97.600006,0.16900681
1,1.6,1,6,11,500,134,97.600006,0.14298642
1,1.6,1,6,11,600,112,98.200005,0.14179024
1,1.6,1,6,11,700,112,97.600006,0.13426107
1,1.6,1,6,11,800,142,97.0,0.13611303
1,1.6,1,6,11,900,164,98.0,0.11174959
1,1.6,1,6,11,1000,143,97.600006,0.14817597
1,1.6,1,6,13,100,168,99.200005,0.105071515
1,1.6,1,6,13,200,151,98.200005,0.11687642
1,1.6,1,6,13,300,119,98.4,0.13961194
1,1.6,1,6,13,400,142,97.4,0.12273727
1,1.6,1,6,13,500,159,99.200005,0.10094383
1,1.6,1,6,13,600,131,98.4,0.13513426
1,1.6,1,6,13,700,191,98.600006,0.10413584
1,1.6,1,6,13,800,160,98.4,0.11059302
1,1.6,1,6,13,900,173,98.4,0.11333678
1,1.6,1,6,13,1000,108,98.0,0.14929283
1,1.6,1,6,15,100,145,98.600006,0.11963406
1,1.6,1,6,15,200,153,98.4,0.12856731
1,1.6,1,6,15,300,119,98.200005,0.12997718
1,1.6,1,6,15,400,141,98.4,0.11791187
1,1.6,1,6,15,500,114,98.4,0.1367588
1,1.6,1,6,15,600,167,99.00001,0.12268143
1,1.6,1,6,15,700,138,98.200005,0.1117527
1,1.6,1,6,15,800,122,98.4,0.1257234
1,1.6,1,6,15,900,161,98.8,0.10490648
1,1.6,1,6,15,1000,109,97.8,0.14474173
1,1.8,1,2,2,100,113,87.8,0.32602206
1,1.8,1,2,2,200,43,87.8,0.3504385
1,1.8,1,2,2,300,0,50.800003,0.8354535
1,1.8,1,2,2,400,41,66.200005,0.68066436
1,1.8,1,2,2,500,117,83.00001,0.41243502
1,1.8,1,2,2,600,103,85.8,0.3508908
1,1.8,1,2,2,700,115,82.600006,0.4086109
1,1.8,1,2,2,800,162,67.600006,0.56058204
1,1.8,1,2,2,900,122,83.4,0.42705566
1,1.8,1,2,2,1000,125,82.8,0.4164016
1,1.8,1,2,3,100,81,99.4,0.12160247
1,1.8,1,2,3,200,126,99.4,0.10879424
1,1.8,1,2,3,300,271,99.200005,0.096832745
1,1.8,1,2,3,400,132,99.8,0.0751888
1,1.8,1,2,3,500,159,99.8,0.09242082
1,1.8,1,2,3,600,117,99.600006,0.12654613
1,1.8,1,2,3,700,108,99.4,0.11313938
1,1.8,1,2,3,800,77,99.8,0.10916557
1,1.8,1,2,3,900,66,99.600006,0.1518458
1,1.8,1,2,3,1000,243,99.8,0.09765913
1,1.8,1,2,5,100,96,100.0,0.09490011
1,1.8,1,2,5,200,92,100.0,0.0920614
1,1.8,1,2,5,300,107,100.0,0.11091615
1,1.8,1,2,5,400,58,100.0,0.13182804
1,1.8,1,2,5,500,99,86.0,0.33807495
1,1.8,1,2,5,600,60,100.0,0.14858691
1,1.8,1,2,5,700,40,99.4,0.18715343
1,1.8,1,2,5,800,67,100.0,0.122607134
1,1.8,1,2,5,900,89,100.0,0.12886491
1,1.8,1,2,5,1000,105,99.8,0.10558318
1,1.8,1,2,7,100,70,100.0,0.12914526
1,1.8,1,2,7,200,55,100.0,0.12015693
1,1.8,1,2,7,300,43,99.8,0.16936931
1,1.8,1,2,7,400,73,99.8,0.09670953
1,1.8,1,2,7,500,42,99.8,0.18857816
1,1.8,1,2,7,600,90,100.0,0.08713848
1,1.8,1,2,7,700,64,100.0,0.10533754
1,1.8,1,2,7,800,83,99.4,0.10040007
1,1.8,1,2,7,900,65,100.0,0.13061897
1,1.8,1,2,7,1000,53,100.0,0.17503911
1,1.8,1,2,9,100,65,100.0,0.097607486
1,1.8,1,2,9,200,66,100.0,0.08953923
1,1.8,1,2,9,300,50,100.0,0.14840202
1,1.8,1,2,9,400,48,100.0,0.1687699
1,1.8,1,2,9,500,51,99.8,0.15686865
1,1.8,1,2,9,600,71,100.0,0.10373467
1,1.8,1,2,9,700,63,100.0,0.11296451
1,1.8,1,2,9,800,54,100.0,0.14587231
1,1.8,1,2,9,900,45,100.0,0.16615026
1,1.8,1,2,9,1000,52,100.0,0.149695
1,1.8,1,2,11,100,51,100.0,0.12830874
1,1.8,1,2,11,200,55,100.0,0.13247001
1,1.8,1,2,11,300,53,100.0,0.13079005
1,1.8,1,2,11,400,52,100.0,0.10537573
1,1.8,1,2,11,500,38,100.0,0.19380537
1,1.8,1,2,11,600,50,100.0,0.16613726
1,1.8,1,2,11,700,57,100.0,0.11801147
1,1.8,1,2,11,800,47,100.0,0.16442068
1,1.8,1,2,11,900,46,100.0,0.15931183
1,1.8,1,2,11,1000,43,100.0,0.15383984
1,1.8,1,3,3,100,126,95.200005,0.1673923
1,1.8,1,3,3,200,238,94.00001,0.18074541
1,1.8,1,3,3,300,139,94.80001,0.18241738
1,1.8,1,3,3,400,226,92.0,0.2314538
1,1.8,1,3,3,500,125,79.4,0.4569817
1,1.8,1,3,3,600,101,94.00001,0.25950986
1,1.8,1,3,3,700,138,84.200005,0.44385073
1,1.8,1,3,3,800,68,93.00001,0.2557852
1,1.8,1,3,3,900,213,95.00001,0.16072467
1,1.8,1,3,3,1000,214,80.8,0.4550809
1,1.8,1,3,4,100,191,99.600006,0.076071076
1,1.8,1,3,4,200,140,99.200005,0.087157324
1,1.8,1,3,4,300,179,94.200005,0.16346419
1,1.8,1,3,4,400,138,99.600006,0.088488236
1,1.8,1,3,4,500,89,94.600006,0.24989197
1,1.8,1,3,4,600,153,100.0,0.07240607
1,1.8,1,3,4,700,108,99.600006,0.10561239
1,1.8,1,3,4,800,224,99.8,0.06665629
1,1.8,1,3,4,900,161,99.4,0.09280069
1,1.8,1,3,4,1000,188,98.8,0.08938054
1,1.8,1,3,6,100,144,99.600006,0.10233953
1,1.8,1,3,6,200,206,99.8,0.057174947
1,1.8,1,3,6,300,79,99.200005,0.1147242
1,1.8,1,3,6,400,101,99.8,0.09999389
1,1.8,1,3,6,500,72,99.200005,0.13590047
1,1.8,1,3,6,600,66,94.40001,0.24992242
1,1.8,1,3,6,700,68,99.600006,0.1262854
1,1.8,1,3,6,800,132,99.4,0.083704576
1,1.8,1,3,6,900,95,99.4,0.097867645
1,1.8,1,3,6,1000,95,99.600006,0.08669327
1,1.8,1,3,8,100,115,100.0,0.07624964
1,1.8,1,3,8,200,77,99.600006,0.112934716
1,1.8,1,3,8,300,87,99.600006,0.089710146
1,1.8,1,3,8,400,90,100.0,0.11380276
1,1.8,1,3,8,500,108,99.8,0.09152785
1,1.8,1,3,8,600,111,99.8,0.09139421
1,1.8,1,3,8,700,86,99.600006,0.10194163
1,1.8,1,3,8,800,80,99.600006,0.12200264
1,1.8,1,3,8,900,92,99.4,0.118012995
1,1.8,1,3,8,1000,77,100.0,0.11596097
1,1.8,1,3,10,100,133,99.8,0.059595566
1,1.8,1,3,10,200,101,99.8,0.08462644
1,1.8,1,3,10,300,108,99.8,0.085847735
1,1.8,1,3,10,400,98,99.4,0.121881835
1,1.8,1,3,10,500,104,100.0,0.078404486
1,1.8,1,3,10,600,80,99.4,0.13324468
1,1.8,1,3,10,700,108,99.8,0.0961026
1,1.8,1,3,10,800,77,99.600006,0.10453105
1,1.8,1,3,10,900,79,99.600006,0.11068767
1,1.8,1,3,10,1000,140,100.0,0.056926828
1,1.8,1,3,12,100,71,99.00001,0.12576611
1,1.8,1,3,12,200,108,99.8,0.07405015
1,1.8,1,3,12,300,82,99.200005,0.098351605
1,1.8,1,3,12,400,83,99.4,0.10351922
1,1.8,1,3,12,500,99,100.0,0.10187708
1,1.8,1,3,12,600,78,99.4,0.11646045
1,1.8,1,3,12,700,93,99.4,0.10346496
1,1.8,1,3,12,800,103,99.8,0.090385735
1,1.8,1,3,12,900,92,99.600006,0.10886441
1,1.8,1,3,12,1000,81,100.0,0.09723804
1,1.8,1,4,4,100,320,98.0,0.09108588
1,1.8,1,4,4,200,152,96.4,0.14515422
1,1.8,1,4,4,300,156,93.00001,0.18986605
1,1.8,1,4,4,400,279,97.0,0.09944841
1,1.8,1,4,4,500,308,98.0,0.09037515
1,1.8,1,4,4,600,165,95.40001,0.13369597
1,1.8,1,4,4,700,217,95.40001,0.17120829
1,1.8,1,4,4,800,156,97.8,0.116509475
1,1.8,1,4,4,900,213,95.40001,0.13687661
1,1.8,1,4,4,1000,155,94.600006,0.18563166
1,1.8,1,4,5,100,136,96.6,0.1575074
1,1.8,1,4,5,200,144,92.8,0.22003597
1,1.8,1,4,5,300,171,95.8,0.11748374
1,1.8,1,4,5,400,163,99.00001,0.11144548
1,1.8,1,4,5,500,156,97.8,0.111341454
1,1.8,1,4,5,600,159,93.600006,0.17777126
1,1.8,1,4,5,700,173,99.4,0.08566412
1,1.8,1,4,5,800,225,98.4,0.09977023
1,1.8,1,4,5,900,184,97.0,0.11608452
1,1.8,1,4,5,1000,160,98.200005,0.10652343
1,1.8,1,4,7,100,211,99.4,0.068126775
1,1.8,1,4,7,200,190,100.0,0.06872009
1,1.8,1,4,7,300,212,100.0,0.072155565
1,1.8,1,4,7,400,147,99.600006,0.08909021
1,1.8,1,4,7,500,166,98.200005,0.09479688
1,1.8,1,4,7,600,174,99.200005,0.09064184
1,1.8,1,4,7,700,122,98.8,0.104546934
1,1.8,1,4,7,800,166,99.200005,0.08333206
1,1.8,1,4,7,900,105,99.00001,0.11556521
1,1.8,1,4,7,1000,159,99.00001,0.07807344
1,1.8,1,4,9,100,156,99.200005,0.081483215
1,1.8,1,4,9,200,199,99.4,0.0675967
1,1.8,1,4,9,300,174,98.600006,0.093279
1,1.8,1,4,9,400,136,99.8,0.07348514
1,1.8,1,4,9,500,102,99.200005,0.114892446
1,1.8,1,4,9,600,104,98.200005,0.11684057
1,1.8,1,4,9,700,189,99.600006,0.062102597
1,1.8,1,4,9,800,152,99.600006,0.08200477
1,1.8,1,4,9,900,167,99.4,0.08087947
1,1.8,1,4,9,1000,184,98.600006,0.08491804
1,1.8,1,4,11,100,144,99.00001,0.107375965
1,1.8,1,4,11,200,160,100.0,0.08242658
1,1.8,1,4,11,300,97,97.600006,0.13573104
1,1.8,1,4,11,400,114,99.8,0.095740095
1,1.8,1,4,11,500,121,99.8,0.09174418
1,1.8,1,4,11,600,127,99.4,0.08874806
1,1.8,1,4,11,700,105,100.0,0.109740116
1,1.8,1,4,11,800,111,99.00001,0.11277641
1,1.8,1,4,11,900,119,99.8,0.090495564
1,1.8,1,4,11,1000,175,100.0,0.060416397
1,1.8,1,4,13,100,121,99.200005,0.10829406
1,1.8,1,4,13,200,88,99.200005,0.12126308
1,1.8,1,4,13,300,99,99.00001,0.09936653
1,1.8,1,4,13,400,133,99.8,0.070883654
1,1.8,1,4,13,500,96,98.4,0.12125831
1,1.8,1,4,13,600,151,99.00001,0.073723495
1,1.8,1,4,13,700,144,100.0,0.06887529
1,1.8,1,4,13,800,136,99.00001,0.10512632
1,1.8,1,4,13,900,103,99.8,0.09661039
1,1.8,1,4,13,1000,102,99.600006,0.11688288
1,1.8,1,5,5,100,221,98.4,0.08617267
1,1.8,1,5,5,200,170,99.00001,0.0899537
1,1.8,1,5,5,300,112,96.6,0.16205376
1,1.8,1,5,5,400,277,98.0,0.09424317
1,1.8,1,5,5,500,180,95.600006,0.14328374
1,1.8,1,5,5,600,186,98.0,0.11272397
1,1.8,1,5,5,700,174,98.4,0.09539775
1,1.8,1,5,5,800,223,97.200005,0.10278406
1,1.8,1,5,5,900,123,97.8,0.12406186
1,1.8,1,5,5,1000,118,96.4,0.14469165
1,1.8,1,5,6,100,299,99.600006,0.059654925
1,1.8,1,5,6,200,116,97.8,0.13621916
1,1.8,1,5,6,300,184,98.600006,0.10520543
1,1.8,1,5,6,400,126,99.00001,0.10917177
1,1.8,1,5,6,500,159,98.4,0.10658169
1,1.8,1,5,6,600,135,96.8,0.15321144
1,1.8,1,5,6,700,135,98.0,0.11684541
1,1.8,1,5,6,800,188,98.200005,0.09671636
1,1.8,1,5,6,900,115,96.8,0.13952395
1,1.8,1,5,6,1000,116,96.0,0.15790756
1,1.8,1,5,8,100,167,100.0,0.06914179
1,1.8,1,5,8,200,159,98.8,0.08511503
1,1.8,1,5,8,300,131,99.200005,0.08858621
1,1.8,1,5,8,400,125,98.600006,0.105227254
1,1.8,1,5,8,500,219,99.600006,0.0771372
1,1.8,1,5,8,600,171,99.4,0.07194093
1,1.8,1,5,8,700,129,99.4,0.09107862
1,1.8,1,5,8,800,160,98.600006,0.10060657
1,1.8,1,5,8,900,159,99.4,0.07540076
1,1.8,1,5,8,1000,78,97.4,0.16073276
1,1.8,1,5,10,100,149,99.4,0.0770181
1,1.8,1,5,10,200,95,99.00001,0.13041241
1,1.8,1,5,10,300,172,98.8,0.09083132
1,1.8,1,5,10,400,172,98.600006,0.09650475
1,1.8,1,5,10,500,92,98.600006,0.13072492
1,1.8,1,5,10,600,84,97.4,0.17076853
1,1.8,1,5,10,700,152,99.00001,0.092597336
1,1.8,1,5,10,800,205,99.4,0.076874316
1,1.8,1,5,10,900,88,97.4,0.14982878
1,1.8,1,5,10,1000,188,99.8,0.065957494
1,1.8,1,5,12,100,111,99.4,0.10083308
1,1.8,1,5,12,200,119,98.8,0.09291246
1,1.8,1,5,12,300,88,99.600006,0.10697791
1,1.8,1,5,12,400,58,99.00001,0.16569783
1,1.8,1,5,12,500,103,99.200005,0.10467116
1,1.8,1,5,12,600,133,99.4,0.10021323
1,1.8,1,5,12,700,156,100.0,0.062303964
1,1.8,1,5,12,800,96,98.4,0.118401036
1,1.8,1,5,12,900,128,99.4,0.083530664
1,1.8,1,5,12,1000,142,99.200005,0.09170615
1,1.8,1,5,14,100,106,99.200005,0.105755664
1,1.8,1,5,14,200,87,99.200005,0.12007212
1,1.8,1,5,14,300,102,100.0,0.10550883
1,1.8,1,5,14,400,108,100.0,0.08544964
1,1.8,1,5,14,500,91,99.00001,0.12917198
1,1.8,1,5,14,600,136,99.200005,0.10150879
1,1.8,1,5,14,700,72,98.200005,0.14634004
1,1.8,1,5,14,800,147,99.600006,0.08555396
1,1.8,1,5,14,900,162,100.0,0.063670956
1,1.8,1,5,14,1000,99,99.8,0.10041709
1,1.8,1,6,6,100,166,96.8,0.13532868
1,1.8,1,6,6,200,158,97.600006,0.14804332
1,1.8,1,6,6,300,118,98.600006,0.11668493
1,1.8,1,6,6,400,164,98.4,0.10428123
1,1.8,1,6,6,500,110,97.200005,0.16545013
1,1.8,1,6,6,600,139,96.200005,0.14230564
1,1.8,1,6,6,700,190,99.600006,0.08045922
1,1.8,1,6,6,800,81,98.4,0.22195823
1,1.8,1,6,6,900,180,98.8,0.09616271
1,1.8,1,6,6,1000,188,98.0,0.102292046
1,1.8,1,6,7,100,161,99.00001,0.095705666
1,1.8,1,6,7,200,236,99.00001,0.07277974
1,1.8,1,6,7,300,119,99.600006,0.09338924
1,1.8,1,6,7,400,107,98.4,0.12554516
1,1.8,1,6,7,500,172,99.200005,0.101403944
1,1.8,1,6,7,600,199,98.200005,0.093382
1,1.8,1,6,7,700,133,99.00001,0.10526266
1,1.8,1,6,7,800,231,98.8,0.08518153
1,1.8,1,6,7,900,105,99.4,0.106187455
1,1.8,1,6,7,1000,118,98.4,0.1254112
1,1.8,1,6,9,100,131,99.00001,0.0957804
1,1.8,1,6,9,200,167,97.8,0.11521498
1,1.8,1,6,9,300,140,99.00001,0.1026057
1,1.8,1,6,9,400,155,99.200005,0.07973644
1,1.8,1,6,9,500,75,98.200005,0.16240366
1,1.8,1,6,9,600,104,99.200005,0.11211367
1,1.8,1,6,9,700,101,99.00001,0.107717626
1,1.8,1,6,9,800,163,99.200005,0.084972784
1,1.8,1,6,9,900,166,99.4,0.07537975
1,1.8,1,6,9,1000,146,99.4,0.08986853
1,1.8,1,6,11,100,134,99.600006,0.08745991
1,1.8,1,6,11,200,164,99.600006,0.09517409
1,1.8,1,6,11,300,111,99.00001,0.10495705
1,1.8,1,6,11,400,103,98.4,0.13477196
1,1.8,1,6,11,500,111,98.600006,0.13445689
1,1.8,1,6,11,600,90,98.4,0.12545592
1,1.8,1,6,11,700,156,99.600006,0.06836255
1,1.8,1,6,11,800,104,98.8,0.11985323
1,1.8,1,6,11,900,108,98.4,0.11241433
1,1.8,1,6,11,1000,94,97.4,0.1579698
1,1.8,1,6,13,100,157,99.4,0.076345034
1,1.8,1,6,13,200,144,99.600006,0.080267005
1,1.8,1,6,13,300,91,99.4,0.12117509
1,1.8,1,6,13,400,94,99.600006,0.12931359
1,1.8,1,6,13,500,97,99.200005,0.11371341
1,1.8,1,6,13,600,122,99.00001,0.10089629
1,1.8,1,6,13,700,96,98.200005,0.13662286
1,1.8,1,6,13,800,177,99.600006,0.07633906
1,1.8,1,6,13,900,117,99.8,0.10736598
1,1.8,1,6,13,1000,92,99.200005,0.1257089
1,1.8,1,6,15,100,114,99.200005,0.11280748
1,1.8,1,6,15,200,105,99.8,0.12137286
1,1.8,1,6,15,300,105,100.0,0.098081596
1,1.8,1,6,15,400,110,99.200005,0.105219945
1,1.8,1,6,15,500,92,99.200005,0.12071934
1,1.8,1,6,15,600,120,98.8,0.11301141
1,1.8,1,6,15,700,137,99.00001,0.091572315
1,1.8,1,6,15,800,75,99.00001,0.1365225
1,1.8,1,6,15,900,106,99.4,0.10138494
1,1.8,1,6,15,1000,83,99.600006,0.13770029
1,2,1,2,2,100,76,84.6,0.36985922
1,2,1,2,2,200,136,83.200005,0.36781147
1,2,1,2,2,300,45,63.000004,0.6922519
1,2,1,2,2,400,36,66.200005,0.677967
1,2,1,2,2,500,259,88.00001,0.31969416
1,2,1,2,2,600,119,86.0,0.33956125
1,2,1,2,2,700,90,86.0,0.35349447
1,2,1,2,2,800,143,66.6,0.5710584
1,2,1,2,2,900,124,84.8,0.35552442
1,2,1,2,2,1000,114,86.0,0.3517856
1,2,1,2,3,100,67,100.0,0.11758975
1,2,1,2,3,200,115,99.8,0.11975916
1,2,1,2,3,300,216,100.0,0.09008856
1,2,1,2,3,400,88,99.8,0.10994646
1,2,1,2,3,500,163,99.600006,0.084375106
1,2,1,2,3,600,93,100.0,0.122546084
1,2,1,2,3,700,92,100.0,0.12405856
1,2,1,2,3,800,52,100.0,0.1485235
1,2,1,2,3,900,65,100.0,0.13325928
1,2,1,2,3,1000,229,100.0,0.092517905
1,2,1,2,5,100,73,100.0,0.117629156
1,2,1,2,5,200,79,100.0,0.094306655
1,2,1,2,5,300,96,100.0,0.1527145
1,2,1,2,5,400,56,100.0,0.10651536
1,2,1,2,5,500,144,100.0,0.108967915
1,2,1,2,5,600,73,100.0,0.09762286
1,2,1,2,5,700,40,100.0,0.15554647
1,2,1,2,5,800,56,100.0,0.12269256
1,2,1,2,5,900,74,100.0,0.15094751
1,2,1,2,5,1000,90,100.0,0.1019865
1,2,1,2,7,100,47,100.0,0.19293495
1,2,1,2,7,200,34,100.0,0.20745404
1,2,1,2,7,300,43,100.0,0.14390539
1,2,1,2,7,400,66,100.0,0.09601007
1,2,1,2,7,500,49,100.0,0.1127969
1,2,1,2,7,600,75,100.0,0.07931626
1,2,1,2,7,700,58,100.0,0.09151611
1,2,1,2,7,800,69,99.600006,0.10583286
1,2,1,2,7,900,49,100.0,0.16742752
1,2,1,2,7,1000,49,100.0,0.16747227
1,2,1,2,9,100,46,100.0,0.122035585
1,2,1,2,9,200,55,100.0,0.08926737
1,2,1,2,9,300,39,100.0,0.16906214
1,2,1,2,9,400,50,100.0,0.12214239
1,2,1,2,9,500,26,100.0,0.30961272
1,2,1,2,9,600,45,100.0,0.15532944
1,2,1,2,9,700,47,100.0,0.16511007
1,2,1,2,9,800,24,100.0,0.35358122
1,2,1,2,9,900,46,100.0,0.13300683
1,2,1,2,9,1000,49,100.0,0.13579378
1,2,1,2,11,100,40,100.0,0.14470918
1,2,1,2,11,200,53,100.0,0.1120541
1,2,1,2,11,300,46,100.0,0.1303979
1,2,1,2,11,400,30,100.0,0.19292322
1,2,1,2,11,500,26,100.0,0.27727363
1,2,1,2,11,600,50,100.0,0.1371779
1,2,1,2,11,700,36,100.0,0.18049344
1,2,1,2,11,800,48,100.0,0.12553623
1,2,1,2,11,900,43,100.0,0.1404356
1,2,1,2,11,1000,29,100.0,0.21386963
1,2,1,3,3,100,92,94.200005,0.18660696
1,2,1,3,3,200,261,96.0,0.14305866
1,2,1,3,3,300,157,94.40001,0.17585169
1,2,1,3,3,400,201,96.200005,0.14947622
1,2,1,3,3,500,235,95.00001,0.15612116
1,2,1,3,3,600,101,93.600006,0.21510565
1,2,1,3,3,700,63,66.4,0.5811416
1,2,1,3,3,800,98,96.4,0.15916829
1,2,1,3,3,900,221,95.40001,0.14996403
1,2,1,3,3,1000,248,87.4,0.31394413
1,2,1,3,4,100,158,98.600006,0.07183235
1,2,1,3,4,200,116,100.0,0.08001874
1,2,1,3,4,300,109,95.00001,0.18107224
1,2,1,3,4,400,100,99.4,0.08856253
1,2,1,3,4,500,112,95.600006,0.18002394
1,2,1,3,4,600,90,100.0,0.08746536
1,2,1,3,4,700,74,99.600006,0.11252503
1,2,1,3,4,800,144,99.4,0.09708238
1,2,1,3,4,900,139,99.8,0.07076537
1,2,1,3,4,1000,125,95.40001,0.16978554
1,2,1,3,6,100,191,100.0,0.053587947
1,2,1,3,6,200,162,99.600006,0.060722142
1,2,1,3,6,300,61,99.8,0.1238288
1,2,1,3,6,400,65,100.0,0.11640435
1,2,1,3,6,500,48,99.600006,0.16760017
1,2,1,3,6,600,188,95.600006,0.12910241
1,2,1,3,6,700,70,100.0,0.09738817
1,2,1,3,6,800,62,99.8,0.13348065
1,2,1,3,6,900,52,100.0,0.18702607
1,2,1,3,6,1000,60,99.8,0.11523448
1,2,1,3,8,100,140,99.600006,0.041877314
1,2,1,3,8,200,69,100.0,0.10802739
1,2,1,3,8,300,48,100.0,0.18441728
1,2,1,3,8,400,80,99.8,0.09712717
1,2,1,3,8,500,64,100.0,0.123646155
1,2,1,3,8,600,92,100.0,0.07688049
1,2,1,3,8,700,77,99.8,0.099676654
1,2,1,3,8,800,75,99.600006,0.094673336
1,2,1,3,8,900,60,99.8,0.14950271
1,2,1,3,8,1000,52,100.0,0.15160622
1,2,1,3,10,100,93,100.0,0.07674947
1,2,1,3,10,200,90,100.0,0.07295347
1,2,1,3,10,300,83,99.4,0.092038035
1,2,1,3,10,400,78,99.8,0.109505855
1,2,1,3,10,500,48,99.4,0.1685205
1,2,1,3,10,600,121,100.0,0.062446877
1,2,1,3,10,700,78,100.0,0.11910395
1,2,1,3,10,800,55,99.8,0.1234332
1,2,1,3,10,900,45,100.0,0.1656908
1,2,1,3,10,1000,89,99.8,0.078965895
1,2,1,3,12,100,79,100.0,0.08047822
1,2,1,3,12,200,73,100.0,0.09388824
1,2,1,3,12,300,65,100.0,0.08954756
1,2,1,3,12,400,58,100.0,0.12362388
1,2,1,3,12,500,59,99.8,0.13932215
1,2,1,3,12,600,70,99.8,0.10236377
1,2,1,3,12,700,65,100.0,0.1699966
1,2,1,3,12,800,72,99.8,0.096769445
1,2,1,3,12,900,94,100.0,0.078194186
1,2,1,3,12,1000,59,100.0,0.10675952
1,2,1,4,4,100,149,95.40001,0.15886813
1,2,1,4,4,200,166,99.00001,0.09549129
1,2,1,4,4,300,87,94.600006,0.1850602
1,2,1,4,4,400,177,97.0,0.13961932
1,2,1,4,4,500,171,96.6,0.14499174
1,2,1,4,4,600,117,94.80001,0.1865208
1,2,1,4,4,700,202,93.00001,0.20010039
1,2,1,4,4,800,108,98.0,0.12498222
1,2,1,4,4,900,257,98.600006,0.086972326
1,2,1,4,4,1000,99,94.40001,0.22938235
1,2,1,4,5,100,145,97.600006,0.12129186
1,2,1,4,5,200,123,95.40001,0.18193536
1,2,1,4,5,300,143,99.00001,0.099251285
1,2,1,4,5,400,157,99.8,0.07017351
1,2,1,4,5,500,162,99.200005,0.079173304
1,2,1,4,5,600,274,97.4,0.09870755
1,2,1,4,5,700,128,99.8,0.075486645
1,2,1,4,5,800,135,99.600006,0.08833661
1,2,1,4,5,900,211,99.00001,0.07446979
1,2,1,4,5,1000,81,96.8,0.15179662
1,2,1,4,7,100,131,98.4,0.093233064
1,2,1,4,7,200,139,99.8,0.07135448
1,2,1,4,7,300,89,99.4,0.11688838
1,2,1,4,7,400,71,99.600006,0.14297171
1,2,1,4,7,500,108,97.600006,0.11171649
1,2,1,4,7,600,90,98.600006,0.116751924
1,2,1,4,7,700,107,99.8,0.08608028
1,2,1,4,7,800,139,99.8,0.072790414
1,2,1,4,7,900,98,100.0,0.07739673
1,2,1,4,7,1000,110,99.00001,0.089656375
1,2,1,4,9,100,93,99.8,0.078666575
1,2,1,4,9,200,126,100.0,0.072980314
1,2,1,4,9,300,105,98.4,0.12025299
1,2,1,4,9,400,98,100.0,0.07048811
1,2,1,4,9,500,69,100.0,0.12011739
1,2,1,4,9,600,71,98.4,0.12354831
1,2,1,4,9,700,120,100.0,0.059279453
1,2,1,4,9,800,93,99.8,0.101759076
1,2,1,4,9,900,156,100.0,0.04745455
1,2,1,4,9,1000,162,99.8,0.073297605
1,2,1,4,11,100,105,99.4,0.10356917
1,2,1,4,11,200,89,99.8,0.11982956
1,2,1,4,11,300,112,99.4,0.0729734
1,2,1,4,11,400,96,100.0,0.07498638
1,2,1,4,11,500,85,100.0,0.09199351
1,2,1,4,11,600,81,99.8,0.08901652
1,2,1,4,11,700,70,100.0,0.12119054
1,2,1,4,11,800,131,99.8,0.064359866
1,2,1,4,11,900,72,99.8,0.12083177
1,2,1,4,11,1000,95,99.200005,0.101529844
1,2,1,4,13,100,133,99.4,0.07789989
1,2,1,4,13,200,88,100.0,0.08111825
1,2,1,4,13,300,63,99.4,0.10703832
1,2,1,4,13,400,102,99.8,0.061805096
1,2,1,4,13,500,81,99.8,0.08813169
1,2,1,4,13,600,74,99.00001,0.11647928
1,2,1,4,13,700,115,100.0,0.06078676
1,2,1,4,13,800,114,99.8,0.06242164
1,2,1,4,13,900,58,99.600006,0.14022636
1,2,1,4,13,1000,74,100.0,0.110130526
1,2,1,5,5,100,155,97.8,0.101458095
1,2,1,5,5,200,77,98.200005,0.14731766
1,2,1,5,5,300,125,98.600006,0.10227108
1,2,1,5,5,400,270,97.600006,0.08814565
1,2,1,5,5,500,158,98.600006,0.08666475
1,2,1,5,5,600,99,98.4,0.11955505
1,2,1,5,5,700,103,99.00001,0.11724406
1,2,1,5,5,800,131,98.4,0.1074887
1,2,1,5,5,900,121,97.200005,0.11973741
1,2,1,5,5,1000,150,99.00001,0.08746045
1,2,1,5,6,100,161,98.8,0.11090519
1,2,1,5,6,200,114,99.00001,0.09708856
1,2,1,5,6,300,144,99.200005,0.09976088
1,2,1,5,6,400,141,99.4,0.08546619
1,2,1,5,6,500,185,98.8,0.076628506
1,2,1,5,6,600,164,98.600006,0.09979001
1,2,1,5,6,700,126,98.8,0.10129139
1,2,1,5,6,800,178,99.4,0.065761425
1,2,1,5,6,900,119,98.8,0.09921188
1,2,1,5,6,1000,87,97.0,0.14716601
1,2,1,5,8,100,98,99.600006,0.11103082
1,2,1,5,8,200,182,98.8,0.06317858
1,2,1,5,8,300,118,99.200005,0.073660344
1,2,1,5,8,400,124,100.0,0.07342549
1,2,1,5,8,500,101,98.200005,0.15317394
1,2,1,5,8,600,82,99.200005,0.10437971
1,2,1,5,8,700,124,98.8,0.07511109
1,2,1,5,8,800,156,99.4,0.075091906
1,2,1,5,8,900,66,98.8,0.1191921
1,2,1,5,8,1000,126,99.600006,0.07907776
1,2,1,5,10,100,144,99.8,0.05036352
1,2,1,5,10,200,128,99.8,0.07071149
1,2,1,5,10,300,129,98.600006,0.10163951
1,2,1,5,10,400,82,98.600006,0.11716702
1,2,1,5,10,500,128,99.8,0.07206741
1,2,1,5,10,600,86,98.600006,0.119839795
1,2,1,5,10,700,98,98.600006,0.099125735
1,2,1,5,10,800,140,98.8,0.08188356
1,2,1,5,10,900,126,99.00001,0.091380976
1,2,1,5,10,1000,144,99.600006,0.056557298
1,2,1,5,12,100,80,99.4,0.101151735
1,2,1,5,12,200,91,98.200005,0.118398696
1,2,1,5,12,300,98,99.8,0.07241103
1,2,1,5,12,400,77,99.200005,0.10119452
1,2,1,5,12,500,93,99.200005,0.097574435
1,2,1,5,12,600,73,98.0,0.16258918
1,2,1,5,12,700,61,98.8,0.113077454
1,2,1,5,12,800,93,99.200005,0.08476406
1,2,1,5,12,900,94,99.4,0.08891924
1,2,1,5,12,1000,127,99.8,0.07844156
1,2,1,5,14,100,76,99.00001,0.11796539
1,2,1,5,14,200,61,99.00001,0.13746601
1,2,1,5,14,300,86,99.600006,0.09600992
1,2,1,5,14,400,58,99.200005,0.11838931
1,2,1,5,14,500,90,98.8,0.11330572
1,2,1,5,14,600,102,99.200005,0.09856987
1,2,1,5,14,700,65,99.4,0.1238744
1,2,1,5,14,800,73,98.200005,0.12898995
1,2,1,5,14,900,64,98.8,0.13370247
1,2,1,5,14,1000,78,99.200005,0.103790745
1,2,1,6,6,100,154,99.200005,0.075776406
1,2,1,6,6,200,166,99.600006,0.077921964
1,2,1,6,6,300,121,99.00001,0.07609933
1,2,1,6,6,400,145,99.600006,0.05545131
1,2,1,6,6,500,123,99.200005,0.100144826
1,2,1,6,6,600,167,98.200005,0.093335465
1,2,1,6,6,700,115,99.8,0.08439113
1,2,1,6,6,800,133,99.200005,0.079861104
1,2,1,6,6,900,160,100.0,0.052856177
1,2,1,6,6,1000,158,98.600006,0.07334649
1,2,1,6,7,100,136,99.600006,0.07256523
1,2,1,6,7,200,81,97.600006,0.13977808
1,2,1,6,7,300,89,98.8,0.10740708
1,2,1,6,7,400,112,99.00001,0.08704654
1,2,1,6,7,500,110,99.200005,0.10782231
1,2,1,6,7,600,159,98.8,0.071907595
1,2,1,6,7,700,108,99.8,0.092024684
1,2,1,6,7,800,176,99.8,0.05711756
1,2,1,6,7,900,63,99.4,0.1186022
1,2,1,6,7,1000,171,99.4,0.04841359
1,2,1,6,9,100,108,99.8,0.078006335
1,2,1,6,9,200,139,99.4,0.08077153
1,2,1,6,9,300,79,98.8,0.12516004
1,2,1,6,9,400,90,99.00001,0.09087877
1,2,1,6,9,500,80,99.200005,0.1046733
1,2,1,6,9,600,107,99.600006,0.06625793
1,2,1,6,9,700,109,99.00001,0.08258829
1,2,1,6,9,800,118,99.200005,0.085476756
1,2,1,6,9,900,125,99.8,0.059956267
1,2,1,6,9,1000,116,99.8,0.070196204
1,2,1,6,11,100,112,99.8,0.06931612
1,2,1,6,11,200,136,99.8,0.072293036
1,2,1,6,11,300,151,100.0,0.041917257
1,2,1,6,11,400,70,99.00001,0.12642056
1,2,1,6,11,500,109,99.600006,0.09094502
1,2,1,6,11,600,72,99.600006,0.10065914
1,2,1,6,11,700,81,99.600006,0.08789777
1,2,1,6,11,800,99,99.8,0.084876046
1,2,1,6,11,900,101,100.0,0.07043083
1,2,1,6,11,1000,138,99.600006,0.07048314
1,2,1,6,13,100,95,99.4,0.10451545
1,2,1,6,13,200,86,99.8,0.08708502
1,2,1,6,13,300,82,100.0,0.08559465
1,2,1,6,13,400,93,99.200005,0.09223563
1,2,1,6,13,500,97,99.600006,0.06880358
1,2,1,6,13,600,85,99.200005,0.090047516
1,2,1,6,13,700,103,99.00001,0.07369275
1,2,1,6,13,800,81,99.4,0.10559578
1,2,1,6,13,900,65,100.0,0.12831873
1,2,1,6,13,1000,69,99.600006,0.11257943
1,2,1,6,15,100,105,99.600006,0.07264502
1,2,1,6,15,200,74,99.600006,0.11141134
1,2,1,6,15,300,101,99.4,0.067822345
1,2,1,6,15,400,75,99.600006,0.10437611
1,2,1,6,15,500,54,99.600006,0.15165854
1,2,1,6,15,600,99,99.8,0.0851577
1,2,1,6,15,700,109,99.600006,0.067370065
1,2,1,6,15,800,47,99.00001,0.1425004
1,2,1,6,15,900,53,99.4,0.14225909
1,2,1,6,15,1000,68,99.600006,0.11592923
1,2.4,1,2,2,100,43,89.40001,0.30002388
1,2.4,1,2,2,200,37,89.40001,0.31217802
1,2.4,1,2,2,300,35,68.600006,0.6748191
1,2.4,1,2,2,400,118,69.00001,0.55275005
1,2.4,1,2,2,500,103,85.200005,0.37381262
1,2.4,1,2,2,600,94,87.8,0.30442852
1,2.4,1,2,2,700,86,85.600006,0.37425682
1,2.4,1,2,2,800,97,87.8,0.328664
1,2.4,1,2,2,900,119,71.200005,0.53187656
1,2.4,1,2,2,1000,136,89.8,0.2663689
1,2.4,1,2,3,100,54,100.0,0.12447847
1,2.4,1,2,3,200,93,100.0,0.101351306
1,2.4,1,2,3,300,131,100.0,0.10351378
1,2.4,1,2,3,400,54,100.0,0.16105637
1,2.4,1,2,3,500,105,100.0,0.095225245
1,2.4,1,2,3,600,83,100.0,0.0881175
1,2.4,1,2,3,700,72,100.0,0.11304327
1,2.4,1,2,3,800,50,100.0,0.11641068
1,2.4,1,2,3,900,53,100.0,0.11263594
1,2.4,1,2,3,1000,117,100.0,0.07639609
1,2.4,1,2,5,100,52,100.0,0.13799597
1,2.4,1,2,5,200,65,100.0,0.09720657
1,2.4,1,2,5,300,68,100.0,0.08401159
1,2.4,1,2,5,400,23,100.0,0.26767188
1,2.4,1,2,5,500,94,100.0,0.07928137
1,2.4,1,2,5,600,44,100.0,0.14087105
1,2.4,1,2,5,700,26,100.0,0.19333091
1,2.4,1,2,5,800,36,100.0,0.15756339
1,2.4,1,2,5,900,67,100.0,0.08960611
1,2.4,1,2,5,1000,50,100.0,0.17248435
1,2.4,1,2,7,100,32,100.0,0.23984222
1,2.4,1,2,7,200,32,100.0,0.15094024
1,2.4,1,2,7,300,22,100.0,0.24051683
1,2.4,1,2,7,400,44,100.0,0.11659109
1,2.4,1,2,7,500,27,100.0,0.2050853
1,2.4,1,2,7,600,66,100.0,0.07239352
1,2.4,1,2,7,700,33,100.0,0.15358472
1,2.4,1,2,7,800,76,100.0,0.057734005
1,2.4,1,2,7,900,46,100.0,0.11824668
1,2.4,1,2,7,1000,43,100.0,0.13368037
1,2.4,1,2,9,100,56,100.0,0.06572358
1,2.4,1,2,9,200,23,100.0,0.2162693
1,2.4,1,2,9,300,40,100.0,0.116404206
1,2.4,1,2,9,400,30,100.0,0.19347617
1,2.4,1,2,9,500,27,100.0,0.21737319
1,2.4,1,2,9,600,27,100.0,0.23002546
1,2.4,1,2,9,700,40,100.0,0.12823379
1,2.4,1,2,9,800,30,100.0,0.19686142
1,2.4,1,2,9,900,27,100.0,0.18985754
1,2.4,1,2,9,1000,26,100.0,0.23239875
1,2.4,1,2,11,100,34,100.0,0.13569789
1,2.4,1,2,11,200,31,100.0,0.18022838
1,2.4,1,2,11,300,25,100.0,0.22256052
1,2.4,1,2,11,400,26,100.0,0.16691539
1,2.4,1,2,11,500,20,100.0,0.27704644
1,2.4,1,2,11,600,27,100.0,0.2384858
1,2.4,1,2,11,700,24,100.0,0.21769333
1,2.4,1,2,11,800,24,100.0,0.27326533
1,2.4,1,2,11,900,27,100.0,0.21168116
1,2.4,1,2,11,1000,14,100.0,0.3413811
1,2.4,1,3,3,100,127,98.0,0.09918859
1,2.4,1,3,3,200,238,98.0,0.08528956
1,2.4,1,3,3,300,154,97.0,0.1197755
1,2.4,1,3,3,400,202,96.0,0.15065742
1,2.4,1,3,3,500,145,98.4,0.10182138
1,2.4,1,3,3,600,99,94.600006,0.1774479
1,2.4,1,3,3,700,199,89.40001,0.27578604
1,2.4,1,3,3,800,44,97.8,0.21191241
1,2.4,1,3,3,900,123,96.4,0.15349838
1,2.4,1,3,3,1000,128,87.8,0.33140576
1,2.4,1,3,4,100,90,98.0,0.081189014
1,2.4,1,3,4,200,71,99.8,0.094523996
1,2.4,1,3,4,300,136,98.600006,0.08553806
1,2.4,1,3,4,400,68,100.0,0.090822265
1,2.4,1,3,4,500,199,97.8,0.09504091
1,2.4,1,3,4,600,50,100.0,0.118244395
1,2.4,1,3,4,700,58,100.0,0.10334862
1,2.4,1,3,4,800,71,95.200005,0.16629657
1,2.4,1,3,4,900,84,100.0,0.09512419
1,2.4,1,3,4,1000,92,100.0,0.08712636
1,2.4,1,3,6,100,100,100.0,0.067731954
1,2.4,1,3,6,200,121,99.8,0.05950343
1,2.4,1,3,6,300,69,100.0,0.048397742
1,2.4,1,3,6,400,25,100.0,0.25611603
1,2.4,1,3,6,500,43,100.0,0.1274736
1,2.4,1,3,6,600,110,98.0,0.1043862
1,2.4,1,3,6,700,39,100.0,0.12623027
1,2.4,1,3,6,800,54,100.0,0.102585666
1,2.4,1,3,6,900,66,100.0,0.08130147
1,2.4,1,3,6,1000,42,100.0,0.121418536
1,2.4,1,3,8,100,110,100.0,0.039247878
1,2.4,1,3,8,200,61,99.8,0.06678269
1,2.4,1,3,8,300,70,100.0,0.05007092
1,2.4,1,3,8,400,70,99.8,0.07642885
1,2.4,1,3,8,500,41,99.8,0.1623328
1,2.4,1,3,8,600,52,100.0,0.12848583
1,2.4,1,3,8,700,59,100.0,0.08757833
1,2.4,1,3,8,800,53,100.0,0.09314026
1,2.4,1,3,8,900,35,100.0,0.22768618
1,2.4,1,3,8,1000,39,100.0,0.1501788
1,2.4,1,3,10,100,39,100.0,0.17884102
1,2.4,1,3,10,200,59,100.0,0.08643527
1,2.4,1,3,10,300,72,100.0,0.058205537
1,2.4,1,3,10,400,71,99.8,0.07414437
1,2.4,1,3,10,500,64,100.0,0.061174482
1,2.4,1,3,10,600,74,100.0,0.07415324
1,2.4,1,3,10,700,60,100.0,0.12005872
1,2.4,1,3,10,800,29,99.8,0.19584799
1,2.4,1,3,10,900,30,100.0,0.19270137
1,2.4,1,3,10,1000,54,100.0,0.09886181
1,2.4,1,3,12,100,26,99.8,0.22430316
1,2.4,1,3,12,200,52,100.0,0.098343305
1,2.4,1,3,12,300,30,100.0,0.18210179
1,2.4,1,3,12,400,36,100.0,0.1544032
1,2.4,1,3,12,500,50,100.0,0.10558381
1,2.4,1,3,12,600,27,100.0,0.224876
1,2.4,1,3,12,700,66,100.0,0.084848076
1,2.4,1,3,12,800,34,100.0,0.16194472
1,2.4,1,3,12,900,67,100.0,0.07603358
1,2.4,1,3,12,1000,24,100.0,0.23407826
1,2.4,1,4,4,100,123,97.200005,0.122239284
1,2.4,1,4,4,200,124,99.4,0.07147092
1,2.4,1,4,4,300,127,98.200005,0.08361167
1,2.4,1,4,4,400,111,98.600006,0.100693956
1,2.4,1,4,4,500,144,99.200005,0.081758864
1,2.4,1,4,4,600,166,97.200005,0.08702946
1,2.4,1,4,4,700,116,98.0,0.14621815
1,2.4,1,4,4,800,75,98.8,0.10683856
1,2.4,1,4,4,900,150,99.200005,0.06934307
1,2.4,1,4,4,1000,100,98.600006,0.10053194
1,2.4,1,4,5,100,79,99.00001,0.12264043
1,2.4,1,4,5,200,101,97.600006,0.12793395
1,2.4,1,4,5,300,96,98.8,0.092579484
1,2.4,1,4,5,400,133,99.600006,0.059040353
1,2.4,1,4,5,500,103,98.8,0.07685173
1,2.4,1,4,5,600,197,97.8,0.07845373
1,2.4,1,4,5,700,76,99.4,0.08887821
1,2.4,1,4,5,800,115,99.600006,0.056800164
1,2.4,1,4,5,900,171,99.600006,0.04734971
1,2.4,1,4,5,1000,102,100.0,0.056523867
1,2.4,1,4,7,100,124,99.600006,0.041739885
1,2.4,1,4,7,200,60,99.00001,0.12621586
1,2.4,1,4,7,300,73,99.8,0.08939152
1,2.4,1,4,7,400,61,99.8,0.098576866
1,2.4,1,4,7,500,103,99.4,0.061003495
1,2.4,1,4,7,600,64,99.00001,0.087798744
1,2.4,1,4,7,700,70,100.0,0.08751221
1,2.4,1,4,7,800,88,99.600006,0.07667457
1,2.4,1,4,7,900,71,99.8,0.070828065
1,2.4,1,4,7,1000,32,98.4,0.18455583
1,2.4,1,4,9,100,68,99.4,0.07167003
1,2.4,1,4,9,200,87,99.8,0.067295425
1,2.4,1,4,9,300,76,99.8,0.087934114
1,2.4,1,4,9,400,56,99.4,0.08472334
1,2.4,1,4,9,500,61,100.0,0.07910977
1,2.4,1,4,9,600,43,99.4,0.11128328
1,2.4,1,4,9,700,56,98.8,0.10795964
1,2.4,1,4,9,800,39,99.00001,0.15971705
1,2.4,1,4,9,900,119,99.8,0.0389385
1,2.4,1,4,9,1000,112,99.600006,0.06649391
1,2.4,1,4,11,100,66,99.8,0.09338718
1,2.4,1,4,11,200,104,99.8,0.05129704
1,2.4,1,4,11,300,58,99.200005,0.09917705
1,2.4,1,4,11,400,93,100.0,0.04330497
1,2.4,1,4,11,500,75,100.0,0.06174694
1,2.4,1,4,11,600,50,99.8,0.10409693
1,2.4,1,4,11,700,58,99.8,0.09197962
1,2.4,1,4,11,800,127,99.8,0.037366863
1,2.4,1,4,11,900,35,99.600006,0.16760929
1,2.4,1,4,11,1000,70,99.4,0.08796509
1,2.4,1,4,13,100,95,100.0,0.055787362
1,2.4,1,4,13,200,56,99.8,0.07539248
1,2.4,1,4,13,300,42,100.0,0.10196805
1,2.4,1,4,13,400,57,99.8,0.07007287
1,2.4,1,4,13,500,52,99.600006,0.08834466
1,2.4,1,4,13,600,42,99.4,0.13911404
1,2.4,1,4,13,700,79,100.0,0.060169738
1,2.4,1,4,13,800,69,99.8,0.07085206
1,2.4,1,4,13,900,49,99.600006,0.102496445
1,2.4,1,4,13,1000,40,100.0,0.15431303
1,2.4,1,5,5,100,132,99.600006,0.055033226
1,2.4,1,5,5,200,72,100.0,0.077221684
1,2.4,1,5,5,300,72,99.4,0.114599824
1,2.4,1,5,5,400,151,99.4,0.06414834
1,2.4,1,5,5,500,114,99.200005,0.076900996
1,2.4,1,5,5,600,103,99.8,0.06404959
1,2.4,1,5,5,700,130,99.600006,0.054870263
1,2.4,1,5,5,800,77,99.200005,0.10636376
1,2.4,1,5,5,900,69,100.0,0.09105164
1,2.4,1,5,5,1000,71,99.200005,0.104394644
1,2.4,1,5,6,100,204,99.200005,0.043281887
1,2.4,1,5,6,200,99,100.0,0.057692654
1,2.4,1,5,6,300,149,99.8,0.04661966
1,2.4,1,5,6,400,114,99.8,0.05255054
1,2.4,1,5,6,500,64,98.8,0.10516276
1,2.4,1,5,6,600,128,99.4,0.059320398
1,2.4,1,5,6,700,95,99.4,0.07608677
1,2.4,1,5,6,800,93,99.4,0.07798761
1,2.4,1,5,6,900,72,99.00001,0.107325874
1,2.4,1,5,6,1000,75,98.0,0.13461432
1,2.4,1,5,8,100,111,100.0,0.051614102
1,2.4,1,5,8,200,47,96.8,0.1688577
1,2.4,1,5,8,300,66,99.00001,0.08248742
1,2.4,1,5,8,400,67,99.600006,0.083599955
1,2.4,1,5,8,500,82,99.00001,0.091467105
1,2.4,1,5,8,600,70,99.600006,0.06439387
1,2.4,1,5,8,700,64,99.8,0.08522502
1,2.4,1,5,8,800,109,99.00001,0.06907092
1,2.4,1,5,8,900,60,99.8,0.072654516
1,2.4,1,5,8,1000,60,99.4,0.08860848
1,2.4,1,5,10,100,55,99.200005,0.09555053
1,2.4,1,5,10,200,82,99.4,0.06797582
1,2.4,1,5,10,300,121,100.0,0.0509296
1,2.4,1,5,10,400,154,99.8,0.042568497
1,2.4,1,5,10,500,92,99.8,0.056799445
1,2.4,1,5,10,600,68,99.4,0.09760339
1,2.4,1,5,10,700,78,99.8,0.07109778
1,2.4,1,5,10,800,81,99.8,0.07542825
1,2.4,1,5,10,900,75,99.8,0.073557146
1,2.4,1,5,10,1000,108,99.8,0.04765781
1,2.4,1,5,12,100,31,99.8,0.20641315
1,2.4,1,5,12,200,90,100.0,0.04817068
1,2.4,1,5,12,300,82,100.0,0.040327374
1,2.4,1,5,12,400,31,99.200005,0.1619376
1,2.4,1,5,12,500,99,100.0,0.038531937
1,2.4,1,5,12,600,83,100.0,0.070772946
1,2.4,1,5,12,700,36,99.8,0.12301404
1,2.4,1,5,12,800,53,99.8,0.09677228
1,2.4,1,5,12,900,63,99.200005,0.07453933
1,2.4,1,5,12,1000,69,99.200005,0.09656221
1,2.4,1,5,14,100,41,99.8,0.14352739
1,2.4,1,5,14,200,63,99.8,0.06893051
1,2.4,1,5,14,300,33,99.8,0.18810308
1,2.4,1,5,14,400,47,99.8,0.08952304
1,2.4,1,5,14,500,48,99.200005,0.13046402
1,2.4,1,5,14,600,51,99.8,0.13751934
1,2.4,1,5,14,700,108,100.0,0.037844352
1,2.4,1,5,14,800,57,99.4,0.087275386
1,2.4,1,5,14,900,29,99.4,0.23714764
1,2.4,1,5,14,1000,76,99.8,0.0529413
1,2.4,1,6,6,100,108,98.8,0.075304046
1,2.4,1,6,6,200,94,98.8,0.09812596
1,2.4,1,6,6,300,69,99.200005,0.087545164
1,2.4,1,6,6,400,82,99.00001,0.09685462
1,2.4,1,6,6,500,130,99.8,0.061876938
1,2.4,1,6,6,600,107,98.4,0.08298305
1,2.4,1,6,6,700,58,99.600006,0.10865361
1,2.4,1,6,6,800,82,99.600006,0.09242787
1,2.4,1,6,6,900,80,99.8,0.08429419
1,2.4,1,6,6,1000,87,99.00001,0.10107253
1,2.4,1,6,7,100,125,100.0,0.054237787
1,2.4,1,6,7,200,61,98.600006,0.16910413
1,2.4,1,6,7,300,146,100.0,0.031418946
1,2.4,1,6,7,400,81,99.600006,0.06749543
1,2.4,1,6,7,500,125,100.0,0.05555531
1,2.4,1,6,7,600,100,98.8,0.077337526
1,2.4,1,6,7,700,95,99.600006,0.06382826
1,2.4,1,6,7,800,78,97.600006,0.14215921
1,2.4,1,6,7,900,71,99.4,0.07303355
1,2.4,1,6,7,1000,107,99.4,0.05707022
1,2.4,1,6,9,100,89,99.8,0.07847411
1,2.4,1,6,9,200,121,99.8,0.060782082
1,2.4,1,6,9,300,76,99.8,0.081459835
1,2.4,1,6,9,400,77,99.4,0.07069082
1,2.4,1,6,9,500,96,99.600006,0.0555693
1,2.4,1,6,9,600,43,99.600006,0.12995653
1,2.4,1,6,9,700,120,100.0,0.03571369
1,2.4,1,6,9,800,96,99.8,0.053885255
1,2.4,1,6,9,900,82,99.600006,0.06390241
1,2.4,1,6,9,1000,69,99.8,0.07774693
1,2.4,1,6,11,100,65,99.600006,0.07778727
1,2.4,1,6,11,200,74,99.4,0.09054713
1,2.4,1,6,11,300,63,99.8,0.075407885
1,2.4,1,6,11,400,101,100.0,0.055009294
1,2.4,1,6,11,500,78,99.600006,0.07722759
1,2.4,1,6,11,600,31,99.600006,0.17392202
1,2.4,1,6,11,700,81,99.8,0.052987162
1,2.4,1,6,11,800,92,99.600006,0.0638567
1,2.4,1,6,11,900,55,99.200005,0.099360906
1,2.4,1,6,11,1000,87,99.4,0.08043249
1,2.4,1,6,13,100,87,99.8,0.06250871
1,2.4,1,6,13,200,45,99.4,0.13763271
1,2.4,1,6,13,300,49,99.4,0.11710115
1,2.4,1,6,13,400,81,100.0,0.054908935
1,2.4,1,6,13,500,91,99.8,0.04744127
1,2.4,1,6,13,600,65,99.600006,0.069357246
1,2.4,1,6,13,700,88,100.0,0.046737753
1,2.4,1,6,13,800,87,99.8,0.063919425
1,2.4,1,6,13,900,52,99.4,0.119684845
1,2.4,1,6,13,1000,98,99.600006,0.04955595
1,2.4,1,6,15,100,60,99.8,0.09600269
1,2.4,1,6,15,200,69,99.600006,0.08784516
1,2.4,1,6,15,300,56,99.4,0.08576309
1,2.4,1,6,15,400,55,100.0,0.09213599
1,2.4,1,6,15,500,80,100.0,0.055801976
1,2.4,1,6,15,600,53,99.00001,0.12797318
1,2.4,1,6,15,700,71,99.8,0.06903356
1,2.4,1,6,15,800,26,99.4,0.2279473
1,2.4,1,6,15,900,55,99.4,0.09461384
1,2.4,1,6,15,1000,71,99.8,0.067947105
